{
"type": "FeatureCollection",
"crs": { "type": "name", "properties": { "name": "urn:ogc:def:crs:OGC:1.3:CRS84" } },
"features": [
{ "type": "Feature", "properties": { "equipo": "LEN-05eb02", "estacion": "LEN", "nombre_estacion": "Los Leones", "linea": "Línea 6", "latitud": -33.422019, "longitud": -70.6085607 }, "geometry": { "type": "Point", "coordinates": [ -70.6085607, -33.422019 ] } },
{ "type": "Feature", "properties": { "equipo": "LEN-07c8b5", "estacion": "LEN", "nombre_estacion": "Los Leones", "linea": "Línea 6", "latitud": -33.422019, "longitud": -70.6085607 }, "geometry": { "type": "Point", "coordinates": [ -70.6085607, -33.422019 ] } },
{ "type": "Feature", "properties": { "equipo": "LEN-095811", "estacion": "LEN", "nombre_estacion": "Los Leones", "linea": "Línea 6", "latitud": -33.422019, "longitud": -70.6085607 }, "geometry": { "type": "Point", "coordinates": [ -70.6085607, -33.422019 ] } },
{ "type": "Feature", "properties": { "equipo": "LEN-0c1e39", "estacion": "LEN", "nombre_estacion": "Los Leones", "linea": "Línea 6", "latitud": -33.422019, "longitud": -70.6085607 }, "geometry": { "type": "Point", "coordinates": [ -70.6085607, -33.422019 ] } },
{ "type": "Feature", "properties": { "equipo": "LEN-3725a5", "estacion": "LEN", "nombre_estacion": "Los Leones", "linea": "Línea 6", "latitud": -33.422019, "longitud": -70.6085607 }, "geometry": { "type": "Point", "coordinates": [ -70.6085607, -33.422019 ] } },
{ "type": "Feature", "properties": { "equipo": "LEN-385c18", "estacion": "LEN", "nombre_estacion": "Los Leones", "linea": "Línea 6", "latitud": -33.422019, "longitud": -70.6085607 }, "geometry": { "type": "Point", "coordinates": [ -70.6085607, -33.422019 ] } },
{ "type": "Feature", "properties": { "equipo": "LEN-3f9ba7", "estacion": "LEN", "nombre_estacion": "Los Leones", "linea": "Línea 6", "latitud": -33.422019, "longitud": -70.6085607 }, "geometry": { "type": "Point", "coordinates": [ -70.6085607, -33.422019 ] } },
{ "type": "Feature", "properties": { "equipo": "LEN-4142b6", "estacion": "LEN", "nombre_estacion": "Los Leones", "linea": "Línea 6", "latitud": -33.422019, "longitud": -70.6085607 }, "geometry": { "type": "Point", "coordinates": [ -70.6085607, -33.422019 ] } },
{ "type": "Feature", "properties": { "equipo": "LEN-42ce4a", "estacion": "LEN", "nombre_estacion": "Los Leones", "linea": "Línea 6", "latitud": -33.422019, "longitud": -70.6085607 }, "geometry": { "type": "Point", "coordinates": [ -70.6085607, -33.422019 ] } },
{ "type": "Feature", "properties": { "equipo": "LEN-46ad1f", "estacion": "LEN", "nombre_estacion": "Los Leones", "linea": "Línea 6", "latitud": -33.422019, "longitud": -70.6085607 }, "geometry": { "type": "Point", "coordinates": [ -70.6085607, -33.422019 ] } },
{ "type": "Feature", "properties": { "equipo": "LEN-4b7530", "estacion": "LEN", "nombre_estacion": "Los Leones", "linea": "Línea 6", "latitud": -33.422019, "longitud": -70.6085607 }, "geometry": { "type": "Point", "coordinates": [ -70.6085607, -33.422019 ] } },
{ "type": "Feature", "properties": { "equipo": "LEN-5affff", "estacion": "LEN", "nombre_estacion": "Los Leones", "linea": "Línea 6", "latitud": -33.422019, "longitud": -70.6085607 }, "geometry": { "type": "Point", "coordinates": [ -70.6085607, -33.422019 ] } },
{ "type": "Feature", "properties": { "equipo": "LEN-6a13ff", "estacion": "LEN", "nombre_estacion": "Los Leones", "linea": "Línea 6", "latitud": -33.422019, "longitud": -70.6085607 }, "geometry": { "type": "Point", "coordinates": [ -70.6085607, -33.422019 ] } },
{ "type": "Feature", "properties": { "equipo": "LEN-6e7192", "estacion": "LEN", "nombre_estacion": "Los Leones", "linea": "Línea 6", "latitud": -33.422019, "longitud": -70.6085607 }, "geometry": { "type": "Point", "coordinates": [ -70.6085607, -33.422019 ] } },
{ "type": "Feature", "properties": { "equipo": "LEN-719dc5", "estacion": "LEN", "nombre_estacion": "Los Leones", "linea": "Línea 6", "latitud": -33.422019, "longitud": -70.6085607 }, "geometry": { "type": "Point", "coordinates": [ -70.6085607, -33.422019 ] } },
{ "type": "Feature", "properties": { "equipo": "LEN-73092a", "estacion": "LEN", "nombre_estacion": "Los Leones", "linea": "Línea 6", "latitud": -33.422019, "longitud": -70.6085607 }, "geometry": { "type": "Point", "coordinates": [ -70.6085607, -33.422019 ] } },
{ "type": "Feature", "properties": { "equipo": "LEN-758c41", "estacion": "LEN", "nombre_estacion": "Los Leones", "linea": "Línea 6", "latitud": -33.422019, "longitud": -70.6085607 }, "geometry": { "type": "Point", "coordinates": [ -70.6085607, -33.422019 ] } },
{ "type": "Feature", "properties": { "equipo": "LEN-80583b", "estacion": "LEN", "nombre_estacion": "Los Leones", "linea": "Línea 6", "latitud": -33.422019, "longitud": -70.6085607 }, "geometry": { "type": "Point", "coordinates": [ -70.6085607, -33.422019 ] } },
{ "type": "Feature", "properties": { "equipo": "LEN-84c734", "estacion": "LEN", "nombre_estacion": "Los Leones", "linea": "Línea 6", "latitud": -33.422019, "longitud": -70.6085607 }, "geometry": { "type": "Point", "coordinates": [ -70.6085607, -33.422019 ] } },
{ "type": "Feature", "properties": { "equipo": "LEN-856a0d", "estacion": "LEN", "nombre_estacion": "Los Leones", "linea": "Línea 6", "latitud": -33.422019, "longitud": -70.6085607 }, "geometry": { "type": "Point", "coordinates": [ -70.6085607, -33.422019 ] } },
{ "type": "Feature", "properties": { "equipo": "LEN-86745c", "estacion": "LEN", "nombre_estacion": "Los Leones", "linea": "Línea 6", "latitud": -33.422019, "longitud": -70.6085607 }, "geometry": { "type": "Point", "coordinates": [ -70.6085607, -33.422019 ] } },
{ "type": "Feature", "properties": { "equipo": "LEN-8c4d86", "estacion": "LEN", "nombre_estacion": "Los Leones", "linea": "Línea 6", "latitud": -33.422019, "longitud": -70.6085607 }, "geometry": { "type": "Point", "coordinates": [ -70.6085607, -33.422019 ] } },
{ "type": "Feature", "properties": { "equipo": "LEN-92efc4", "estacion": "LEN", "nombre_estacion": "Los Leones", "linea": "Línea 6", "latitud": -33.422019, "longitud": -70.6085607 }, "geometry": { "type": "Point", "coordinates": [ -70.6085607, -33.422019 ] } },
{ "type": "Feature", "properties": { "equipo": "LEN-b91476", "estacion": "LEN", "nombre_estacion": "Los Leones", "linea": "Línea 6", "latitud": -33.422019, "longitud": -70.6085607 }, "geometry": { "type": "Point", "coordinates": [ -70.6085607, -33.422019 ] } },
{ "type": "Feature", "properties": { "equipo": "LEN-bc4732", "estacion": "LEN", "nombre_estacion": "Los Leones", "linea": "Línea 6", "latitud": -33.422019, "longitud": -70.6085607 }, "geometry": { "type": "Point", "coordinates": [ -70.6085607, -33.422019 ] } },
{ "type": "Feature", "properties": { "equipo": "LEN-bdb7c0", "estacion": "LEN", "nombre_estacion": "Los Leones", "linea": "Línea 6", "latitud": -33.422019, "longitud": -70.6085607 }, "geometry": { "type": "Point", "coordinates": [ -70.6085607, -33.422019 ] } },
{ "type": "Feature", "properties": { "equipo": "LEN-c2f78d", "estacion": "LEN", "nombre_estacion": "Los Leones", "linea": "Línea 6", "latitud": -33.422019, "longitud": -70.6085607 }, "geometry": { "type": "Point", "coordinates": [ -70.6085607, -33.422019 ] } },
{ "type": "Feature", "properties": { "equipo": "LEN-cc9941", "estacion": "LEN", "nombre_estacion": "Los Leones", "linea": "Línea 6", "latitud": -33.422019, "longitud": -70.6085607 }, "geometry": { "type": "Point", "coordinates": [ -70.6085607, -33.422019 ] } },
{ "type": "Feature", "properties": { "equipo": "LEN-cca543", "estacion": "LEN", "nombre_estacion": "Los Leones", "linea": "Línea 6", "latitud": -33.422019, "longitud": -70.6085607 }, "geometry": { "type": "Point", "coordinates": [ -70.6085607, -33.422019 ] } },
{ "type": "Feature", "properties": { "equipo": "LEN-cdcc99", "estacion": "LEN", "nombre_estacion": "Los Leones", "linea": "Línea 6", "latitud": -33.422019, "longitud": -70.6085607 }, "geometry": { "type": "Point", "coordinates": [ -70.6085607, -33.422019 ] } },
{ "type": "Feature", "properties": { "equipo": "LEN-e1a6dc", "estacion": "LEN", "nombre_estacion": "Los Leones", "linea": "Línea 6", "latitud": -33.422019, "longitud": -70.6085607 }, "geometry": { "type": "Point", "coordinates": [ -70.6085607, -33.422019 ] } },
{ "type": "Feature", "properties": { "equipo": "LEN-e5e5ef", "estacion": "LEN", "nombre_estacion": "Los Leones", "linea": "Línea 6", "latitud": -33.422019, "longitud": -70.6085607 }, "geometry": { "type": "Point", "coordinates": [ -70.6085607, -33.422019 ] } },
{ "type": "Feature", "properties": { "equipo": "LEN-f41831", "estacion": "LEN", "nombre_estacion": "Los Leones", "linea": "Línea 6", "latitud": -33.422019, "longitud": -70.6085607 }, "geometry": { "type": "Point", "coordinates": [ -70.6085607, -33.422019 ] } },
{ "type": "Feature", "properties": { "equipo": "LEN-f42b09", "estacion": "LEN", "nombre_estacion": "Los Leones", "linea": "Línea 6", "latitud": -33.422019, "longitud": -70.6085607 }, "geometry": { "type": "Point", "coordinates": [ -70.6085607, -33.422019 ] } },
{ "type": "Feature", "properties": { "equipo": "LEN-f798cc", "estacion": "LEN", "nombre_estacion": "Los Leones", "linea": "Línea 6", "latitud": -33.422019, "longitud": -70.6085607 }, "geometry": { "type": "Point", "coordinates": [ -70.6085607, -33.422019 ] } },
{ "type": "Feature", "properties": { "equipo": "LEN-f9e248", "estacion": "LEN", "nombre_estacion": "Los Leones", "linea": "Línea 6", "latitud": -33.422019, "longitud": -70.6085607 }, "geometry": { "type": "Point", "coordinates": [ -70.6085607, -33.422019 ] } },
{ "type": "Feature", "properties": { "equipo": "ISU-0c58e8", "estacion": "ISU", "nombre_estacion": "Inés de Suárez", "linea": "Línea 6", "latitud": -33.438721, "longitud": -70.6073371 }, "geometry": { "type": "Point", "coordinates": [ -70.6073371, -33.438721 ] } },
{ "type": "Feature", "properties": { "equipo": "ISU-0fd2d0", "estacion": "ISU", "nombre_estacion": "Inés de Suárez", "linea": "Línea 6", "latitud": -33.438721, "longitud": -70.6073371 }, "geometry": { "type": "Point", "coordinates": [ -70.6073371, -33.438721 ] } },
{ "type": "Feature", "properties": { "equipo": "ISU-2676f3", "estacion": "ISU", "nombre_estacion": "Inés de Suárez", "linea": "Línea 6", "latitud": -33.438721, "longitud": -70.6073371 }, "geometry": { "type": "Point", "coordinates": [ -70.6073371, -33.438721 ] } },
{ "type": "Feature", "properties": { "equipo": "ISU-3a82a5", "estacion": "ISU", "nombre_estacion": "Inés de Suárez", "linea": "Línea 6", "latitud": -33.438721, "longitud": -70.6073371 }, "geometry": { "type": "Point", "coordinates": [ -70.6073371, -33.438721 ] } },
{ "type": "Feature", "properties": { "equipo": "ISU-539e1d", "estacion": "ISU", "nombre_estacion": "Inés de Suárez", "linea": "Línea 6", "latitud": -33.438721, "longitud": -70.6073371 }, "geometry": { "type": "Point", "coordinates": [ -70.6073371, -33.438721 ] } },
{ "type": "Feature", "properties": { "equipo": "ISU-beccf4", "estacion": "ISU", "nombre_estacion": "Inés de Suárez", "linea": "Línea 6", "latitud": -33.438721, "longitud": -70.6073371 }, "geometry": { "type": "Point", "coordinates": [ -70.6073371, -33.438721 ] } },
{ "type": "Feature", "properties": { "equipo": "NUO-05243d", "estacion": "NUO", "nombre_estacion": "Ñuñoa", "linea": "Línea 6", "latitud": -33.4541894, "longitud": -70.604972 }, "geometry": { "type": "Point", "coordinates": [ -70.604972, -33.4541894 ] } },
{ "type": "Feature", "properties": { "equipo": "NUO-0fd2d0", "estacion": "NUO", "nombre_estacion": "Ñuñoa", "linea": "Línea 6", "latitud": -33.4541894, "longitud": -70.604972 }, "geometry": { "type": "Point", "coordinates": [ -70.604972, -33.4541894 ] } },
{ "type": "Feature", "properties": { "equipo": "NUO-16a24c", "estacion": "NUO", "nombre_estacion": "Ñuñoa", "linea": "Línea 6", "latitud": -33.4541894, "longitud": -70.604972 }, "geometry": { "type": "Point", "coordinates": [ -70.604972, -33.4541894 ] } },
{ "type": "Feature", "properties": { "equipo": "NUO-577f8a", "estacion": "NUO", "nombre_estacion": "Ñuñoa", "linea": "Línea 6", "latitud": -33.4541894, "longitud": -70.604972 }, "geometry": { "type": "Point", "coordinates": [ -70.604972, -33.4541894 ] } },
{ "type": "Feature", "properties": { "equipo": "NUO-c7b6cb", "estacion": "NUO", "nombre_estacion": "Ñuñoa", "linea": "Línea 6", "latitud": -33.4541894, "longitud": -70.604972 }, "geometry": { "type": "Point", "coordinates": [ -70.604972, -33.4541894 ] } },
{ "type": "Feature", "properties": { "equipo": "NUO-c9011b", "estacion": "NUO", "nombre_estacion": "Ñuñoa", "linea": "Línea 6", "latitud": -33.4541894, "longitud": -70.604972 }, "geometry": { "type": "Point", "coordinates": [ -70.604972, -33.4541894 ] } },
{ "type": "Feature", "properties": { "equipo": "NUO-cc90ef", "estacion": "NUO", "nombre_estacion": "Ñuñoa", "linea": "Línea 6", "latitud": -33.4541894, "longitud": -70.604972 }, "geometry": { "type": "Point", "coordinates": [ -70.604972, -33.4541894 ] } },
{ "type": "Feature", "properties": { "equipo": "NUO-e09847", "estacion": "NUO", "nombre_estacion": "Ñuñoa", "linea": "Línea 6", "latitud": -33.4541894, "longitud": -70.604972 }, "geometry": { "type": "Point", "coordinates": [ -70.604972, -33.4541894 ] } },
{ "type": "Feature", "properties": { "equipo": "ESN-1e2697", "estacion": "ESN", "nombre_estacion": "Estadio Nacional", "linea": "Línea 6", "latitud": -33.4623809, "longitud": -70.6062176 }, "geometry": { "type": "Point", "coordinates": [ -70.6062176, -33.4623809 ] } },
{ "type": "Feature", "properties": { "equipo": "ESN-34928f", "estacion": "ESN", "nombre_estacion": "Estadio Nacional", "linea": "Línea 6", "latitud": -33.4623809, "longitud": -70.6062176 }, "geometry": { "type": "Point", "coordinates": [ -70.6062176, -33.4623809 ] } },
{ "type": "Feature", "properties": { "equipo": "ESN-7e5620", "estacion": "ESN", "nombre_estacion": "Estadio Nacional", "linea": "Línea 6", "latitud": -33.4623809, "longitud": -70.6062176 }, "geometry": { "type": "Point", "coordinates": [ -70.6062176, -33.4623809 ] } },
{ "type": "Feature", "properties": { "equipo": "ESN-83cfbb", "estacion": "ESN", "nombre_estacion": "Estadio Nacional", "linea": "Línea 6", "latitud": -33.4623809, "longitud": -70.6062176 }, "geometry": { "type": "Point", "coordinates": [ -70.6062176, -33.4623809 ] } },
{ "type": "Feature", "properties": { "equipo": "ESN-a5f1f1", "estacion": "ESN", "nombre_estacion": "Estadio Nacional", "linea": "Línea 6", "latitud": -33.4623809, "longitud": -70.6062176 }, "geometry": { "type": "Point", "coordinates": [ -70.6062176, -33.4623809 ] } },
{ "type": "Feature", "properties": { "equipo": "ESN-d3433d", "estacion": "ESN", "nombre_estacion": "Estadio Nacional", "linea": "Línea 6", "latitud": -33.4623809, "longitud": -70.6062176 }, "geometry": { "type": "Point", "coordinates": [ -70.6062176, -33.4623809 ] } },
{ "type": "Feature", "properties": { "equipo": "ESN-f56f38", "estacion": "ESN", "nombre_estacion": "Estadio Nacional", "linea": "Línea 6", "latitud": -33.4623809, "longitud": -70.6062176 }, "geometry": { "type": "Point", "coordinates": [ -70.6062176, -33.4623809 ] } },
{ "type": "Feature", "properties": { "equipo": "ESN-fd0b5d", "estacion": "ESN", "nombre_estacion": "Estadio Nacional", "linea": "Línea 6", "latitud": -33.4623809, "longitud": -70.6062176 }, "geometry": { "type": "Point", "coordinates": [ -70.6062176, -33.4623809 ] } },
{ "type": "Feature", "properties": { "equipo": "NUB-16a24c", "estacion": "NUB", "nombre_estacion": "Ñuble", "linea": "Línea 6", "latitud": -33.4673629, "longitud": -70.6247567 }, "geometry": { "type": "Point", "coordinates": [ -70.6247567, -33.4673629 ] } },
{ "type": "Feature", "properties": { "equipo": "NUB-2bcec1", "estacion": "NUB", "nombre_estacion": "Ñuble", "linea": "Línea 6", "latitud": -33.4673629, "longitud": -70.6247567 }, "geometry": { "type": "Point", "coordinates": [ -70.6247567, -33.4673629 ] } },
{ "type": "Feature", "properties": { "equipo": "NUB-3a5ba6", "estacion": "NUB", "nombre_estacion": "Ñuble", "linea": "Línea 6", "latitud": -33.4673629, "longitud": -70.6247567 }, "geometry": { "type": "Point", "coordinates": [ -70.6247567, -33.4673629 ] } },
{ "type": "Feature", "properties": { "equipo": "NUB-456341", "estacion": "NUB", "nombre_estacion": "Ñuble", "linea": "Línea 6", "latitud": -33.4673629, "longitud": -70.6247567 }, "geometry": { "type": "Point", "coordinates": [ -70.6247567, -33.4673629 ] } },
{ "type": "Feature", "properties": { "equipo": "NUB-560f61", "estacion": "NUB", "nombre_estacion": "Ñuble", "linea": "Línea 6", "latitud": -33.4673629, "longitud": -70.6247567 }, "geometry": { "type": "Point", "coordinates": [ -70.6247567, -33.4673629 ] } },
{ "type": "Feature", "properties": { "equipo": "NUB-573ac2", "estacion": "NUB", "nombre_estacion": "Ñuble", "linea": "Línea 6", "latitud": -33.4673629, "longitud": -70.6247567 }, "geometry": { "type": "Point", "coordinates": [ -70.6247567, -33.4673629 ] } },
{ "type": "Feature", "properties": { "equipo": "NUB-5a46c7", "estacion": "NUB", "nombre_estacion": "Ñuble", "linea": "Línea 6", "latitud": -33.4673629, "longitud": -70.6247567 }, "geometry": { "type": "Point", "coordinates": [ -70.6247567, -33.4673629 ] } },
{ "type": "Feature", "properties": { "equipo": "NUB-690207", "estacion": "NUB", "nombre_estacion": "Ñuble", "linea": "Línea 6", "latitud": -33.4673629, "longitud": -70.6247567 }, "geometry": { "type": "Point", "coordinates": [ -70.6247567, -33.4673629 ] } },
{ "type": "Feature", "properties": { "equipo": "NUB-86d36c", "estacion": "NUB", "nombre_estacion": "Ñuble", "linea": "Línea 6", "latitud": -33.4673629, "longitud": -70.6247567 }, "geometry": { "type": "Point", "coordinates": [ -70.6247567, -33.4673629 ] } },
{ "type": "Feature", "properties": { "equipo": "NUB-9ab831", "estacion": "NUB", "nombre_estacion": "Ñuble", "linea": "Línea 6", "latitud": -33.4673629, "longitud": -70.6247567 }, "geometry": { "type": "Point", "coordinates": [ -70.6247567, -33.4673629 ] } },
{ "type": "Feature", "properties": { "equipo": "NUB-acee99", "estacion": "NUB", "nombre_estacion": "Ñuble", "linea": "Línea 6", "latitud": -33.4673629, "longitud": -70.6247567 }, "geometry": { "type": "Point", "coordinates": [ -70.6247567, -33.4673629 ] } },
{ "type": "Feature", "properties": { "equipo": "NUB-c9011b", "estacion": "NUB", "nombre_estacion": "Ñuble", "linea": "Línea 6", "latitud": -33.4673629, "longitud": -70.6247567 }, "geometry": { "type": "Point", "coordinates": [ -70.6247567, -33.4673629 ] } },
{ "type": "Feature", "properties": { "equipo": "NUB-c94087", "estacion": "NUB", "nombre_estacion": "Ñuble", "linea": "Línea 6", "latitud": -33.4673629, "longitud": -70.6247567 }, "geometry": { "type": "Point", "coordinates": [ -70.6247567, -33.4673629 ] } },
{ "type": "Feature", "properties": { "equipo": "NUB-f389aa", "estacion": "NUB", "nombre_estacion": "Ñuble", "linea": "Línea 6", "latitud": -33.4673629, "longitud": -70.6247567 }, "geometry": { "type": "Point", "coordinates": [ -70.6247567, -33.4673629 ] } },
{ "type": "Feature", "properties": { "equipo": "NUB-f76af6", "estacion": "NUB", "nombre_estacion": "Ñuble", "linea": "Línea 6", "latitud": -33.4673629, "longitud": -70.6247567 }, "geometry": { "type": "Point", "coordinates": [ -70.6247567, -33.4673629 ] } },
{ "type": "Feature", "properties": { "equipo": "NUB-fe1dc2", "estacion": "NUB", "nombre_estacion": "Ñuble", "linea": "Línea 6", "latitud": -33.4673629, "longitud": -70.6247567 }, "geometry": { "type": "Point", "coordinates": [ -70.6247567, -33.4673629 ] } },
{ "type": "Feature", "properties": { "equipo": "BIO-0c58e8", "estacion": "BIO", "nombre_estacion": "Bío Bío", "linea": "Línea 6", "latitud": -33.4766072, "longitud": -70.6421784 }, "geometry": { "type": "Point", "coordinates": [ -70.6421784, -33.4766072 ] } },
{ "type": "Feature", "properties": { "equipo": "BIO-21fe42", "estacion": "BIO", "nombre_estacion": "Bío Bío", "linea": "Línea 6", "latitud": -33.4766072, "longitud": -70.6421784 }, "geometry": { "type": "Point", "coordinates": [ -70.6421784, -33.4766072 ] } },
{ "type": "Feature", "properties": { "equipo": "BIO-3a82a5", "estacion": "BIO", "nombre_estacion": "Bío Bío", "linea": "Línea 6", "latitud": -33.4766072, "longitud": -70.6421784 }, "geometry": { "type": "Point", "coordinates": [ -70.6421784, -33.4766072 ] } },
{ "type": "Feature", "properties": { "equipo": "BIO-7d843e", "estacion": "BIO", "nombre_estacion": "Bío Bío", "linea": "Línea 6", "latitud": -33.4766072, "longitud": -70.6421784 }, "geometry": { "type": "Point", "coordinates": [ -70.6421784, -33.4766072 ] } },
{ "type": "Feature", "properties": { "equipo": "BIO-c9011b", "estacion": "BIO", "nombre_estacion": "Bío Bío", "linea": "Línea 6", "latitud": -33.4766072, "longitud": -70.6421784 }, "geometry": { "type": "Point", "coordinates": [ -70.6421784, -33.4766072 ] } },
{ "type": "Feature", "properties": { "equipo": "FRA-020136", "estacion": "FRA", "nombre_estacion": "Franklin", "linea": "Línea 6", "latitud": -33.4766603, "longitud": -70.6494774 }, "geometry": { "type": "Point", "coordinates": [ -70.6494774, -33.4766603 ] } },
{ "type": "Feature", "properties": { "equipo": "FRA-027adb", "estacion": "FRA", "nombre_estacion": "Franklin", "linea": "Línea 6", "latitud": -33.4766603, "longitud": -70.6494774 }, "geometry": { "type": "Point", "coordinates": [ -70.6494774, -33.4766603 ] } },
{ "type": "Feature", "properties": { "equipo": "FRA-064ffd", "estacion": "FRA", "nombre_estacion": "Franklin", "linea": "Línea 6", "latitud": -33.4766603, "longitud": -70.6494774 }, "geometry": { "type": "Point", "coordinates": [ -70.6494774, -33.4766603 ] } },
{ "type": "Feature", "properties": { "equipo": "FRA-0fd2d0", "estacion": "FRA", "nombre_estacion": "Franklin", "linea": "Línea 6", "latitud": -33.4766603, "longitud": -70.6494774 }, "geometry": { "type": "Point", "coordinates": [ -70.6494774, -33.4766603 ] } },
{ "type": "Feature", "properties": { "equipo": "FRA-28e30a", "estacion": "FRA", "nombre_estacion": "Franklin", "linea": "Línea 6", "latitud": -33.4766603, "longitud": -70.6494774 }, "geometry": { "type": "Point", "coordinates": [ -70.6494774, -33.4766603 ] } },
{ "type": "Feature", "properties": { "equipo": "FRA-44557d", "estacion": "FRA", "nombre_estacion": "Franklin", "linea": "Línea 6", "latitud": -33.4766603, "longitud": -70.6494774 }, "geometry": { "type": "Point", "coordinates": [ -70.6494774, -33.4766603 ] } },
{ "type": "Feature", "properties": { "equipo": "FRA-6f2eff", "estacion": "FRA", "nombre_estacion": "Franklin", "linea": "Línea 6", "latitud": -33.4766603, "longitud": -70.6494774 }, "geometry": { "type": "Point", "coordinates": [ -70.6494774, -33.4766603 ] } },
{ "type": "Feature", "properties": { "equipo": "FRA-6f36c3", "estacion": "FRA", "nombre_estacion": "Franklin", "linea": "Línea 6", "latitud": -33.4766603, "longitud": -70.6494774 }, "geometry": { "type": "Point", "coordinates": [ -70.6494774, -33.4766603 ] } },
{ "type": "Feature", "properties": { "equipo": "FRA-810ce6", "estacion": "FRA", "nombre_estacion": "Franklin", "linea": "Línea 6", "latitud": -33.4766603, "longitud": -70.6494774 }, "geometry": { "type": "Point", "coordinates": [ -70.6494774, -33.4766603 ] } },
{ "type": "Feature", "properties": { "equipo": "FRA-8d728d", "estacion": "FRA", "nombre_estacion": "Franklin", "linea": "Línea 6", "latitud": -33.4766603, "longitud": -70.6494774 }, "geometry": { "type": "Point", "coordinates": [ -70.6494774, -33.4766603 ] } },
{ "type": "Feature", "properties": { "equipo": "FRA-9f9b55", "estacion": "FRA", "nombre_estacion": "Franklin", "linea": "Línea 6", "latitud": -33.4766603, "longitud": -70.6494774 }, "geometry": { "type": "Point", "coordinates": [ -70.6494774, -33.4766603 ] } },
{ "type": "Feature", "properties": { "equipo": "FRA-c9011b", "estacion": "FRA", "nombre_estacion": "Franklin", "linea": "Línea 6", "latitud": -33.4766603, "longitud": -70.6494774 }, "geometry": { "type": "Point", "coordinates": [ -70.6494774, -33.4766603 ] } },
{ "type": "Feature", "properties": { "equipo": "FRA-cb378b", "estacion": "FRA", "nombre_estacion": "Franklin", "linea": "Línea 6", "latitud": -33.4766603, "longitud": -70.6494774 }, "geometry": { "type": "Point", "coordinates": [ -70.6494774, -33.4766603 ] } },
{ "type": "Feature", "properties": { "equipo": "FRA-ef0df7", "estacion": "FRA", "nombre_estacion": "Franklin", "linea": "Línea 6", "latitud": -33.4766603, "longitud": -70.6494774 }, "geometry": { "type": "Point", "coordinates": [ -70.6494774, -33.4766603 ] } },
{ "type": "Feature", "properties": { "equipo": "PAC-18d548", "estacion": "PAC", "nombre_estacion": "Pedro Aguirre Cerda", "linea": "Línea 6", "latitud": -33.478668, "longitud": -70.665072 }, "geometry": { "type": "Point", "coordinates": [ -70.6805589, -33.484501 ] } },
{ "type": "Feature", "properties": { "equipo": "PAC-83cfbb", "estacion": "PAC", "nombre_estacion": "Pedro Aguirre Cerda", "linea": "Línea 6", "latitud": -33.478668, "longitud": -70.665072 }, "geometry": { "type": "Point", "coordinates": [ -70.6805589, -33.484501 ] } },
{ "type": "Feature", "properties": { "equipo": "PAC-943151", "estacion": "PAC", "nombre_estacion": "Pedro Aguirre Cerda", "linea": "Línea 6", "latitud": -33.478668, "longitud": -70.665072 }, "geometry": { "type": "Point", "coordinates": [ -70.6805589, -33.484501 ] } },
{ "type": "Feature", "properties": { "equipo": "PAC-aa9528", "estacion": "PAC", "nombre_estacion": "Pedro Aguirre Cerda", "linea": "Línea 6", "latitud": -33.478668, "longitud": -70.665072 }, "geometry": { "type": "Point", "coordinates": [ -70.6805589, -33.484501 ] } },
{ "type": "Feature", "properties": { "equipo": "PAC-c9011b", "estacion": "PAC", "nombre_estacion": "Pedro Aguirre Cerda", "linea": "Línea 6", "latitud": -33.478668, "longitud": -70.665072 }, "geometry": { "type": "Point", "coordinates": [ -70.6805589, -33.484501 ] } },
{ "type": "Feature", "properties": { "equipo": "PAC-d0e0ae", "estacion": "PAC", "nombre_estacion": "Pedro Aguirre Cerda", "linea": "Línea 6", "latitud": -33.478668, "longitud": -70.665072 }, "geometry": { "type": "Point", "coordinates": [ -70.6805589, -33.484501 ] } },
{ "type": "Feature", "properties": { "equipo": "LVA-389f0c", "estacion": "LVA", "nombre_estacion": "Lo Valledor", "linea": "Línea 6", "latitud": -33.478252, "longitud": -70.681127 }, "geometry": { "type": "Point", "coordinates": [ -70.6806482, -33.4772072 ] } },
{ "type": "Feature", "properties": { "equipo": "LVA-41e520", "estacion": "LVA", "nombre_estacion": "Lo Valledor", "linea": "Línea 6", "latitud": -33.478252, "longitud": -70.681127 }, "geometry": { "type": "Point", "coordinates": [ -70.6806482, -33.4772072 ] } },
{ "type": "Feature", "properties": { "equipo": "LVA-83a33b", "estacion": "LVA", "nombre_estacion": "Lo Valledor", "linea": "Línea 6", "latitud": -33.478252, "longitud": -70.681127 }, "geometry": { "type": "Point", "coordinates": [ -70.6806482, -33.4772072 ] } },
{ "type": "Feature", "properties": { "equipo": "LVA-9fb06d", "estacion": "LVA", "nombre_estacion": "Lo Valledor", "linea": "Línea 6", "latitud": -33.478252, "longitud": -70.681127 }, "geometry": { "type": "Point", "coordinates": [ -70.6806482, -33.4772072 ] } },
{ "type": "Feature", "properties": { "equipo": "LVA-c9011b", "estacion": "LVA", "nombre_estacion": "Lo Valledor", "linea": "Línea 6", "latitud": -33.478252, "longitud": -70.681127 }, "geometry": { "type": "Point", "coordinates": [ -70.6806482, -33.4772072 ] } },
{ "type": "Feature", "properties": { "equipo": "LVA-d0e0ae", "estacion": "LVA", "nombre_estacion": "Lo Valledor", "linea": "Línea 6", "latitud": -33.478252, "longitud": -70.681127 }, "geometry": { "type": "Point", "coordinates": [ -70.6806482, -33.4772072 ] } },
{ "type": "Feature", "properties": { "equipo": "VV-508d33", "estacion": "VV", "nombre_estacion": "Vicente Valdés", "linea": "Línea 5", "latitud": -33.5264186, "longitud": -70.5967924 }, "geometry": { "type": "Point", "coordinates": [ -70.5967924, -33.5264186 ] } },
{ "type": "Feature", "properties": { "equipo": "VV-d6fbb3", "estacion": "VV", "nombre_estacion": "Vicente Valdés", "linea": "Línea 5", "latitud": -33.5264186, "longitud": -70.5967924 }, "geometry": { "type": "Point", "coordinates": [ -70.5967924, -33.5264186 ] } },
{ "type": "Feature", "properties": { "equipo": "VV-f89d0f", "estacion": "VV", "nombre_estacion": "Vicente Valdés", "linea": "Línea 5", "latitud": -33.5264186, "longitud": -70.5967924 }, "geometry": { "type": "Point", "coordinates": [ -70.5967924, -33.5264186 ] } },
{ "type": "Feature", "properties": { "equipo": "CER-0fd2d0", "estacion": "CER", "nombre_estacion": "Cerrillos", "linea": "Línea 6", "latitud": -33.4834342, "longitud": -70.6955562 }, "geometry": { "type": "Point", "coordinates": [ -70.6955562, -33.4834342 ] } },
{ "type": "Feature", "properties": { "equipo": "CER-208dc5", "estacion": "CER", "nombre_estacion": "Cerrillos", "linea": "Línea 6", "latitud": -33.4834342, "longitud": -70.6955562 }, "geometry": { "type": "Point", "coordinates": [ -70.6955562, -33.4834342 ] } },
{ "type": "Feature", "properties": { "equipo": "CER-83cfbb", "estacion": "CER", "nombre_estacion": "Cerrillos", "linea": "Línea 6", "latitud": -33.4834342, "longitud": -70.6955562 }, "geometry": { "type": "Point", "coordinates": [ -70.6955562, -33.4834342 ] } },
{ "type": "Feature", "properties": { "equipo": "CER-a3650a", "estacion": "CER", "nombre_estacion": "Cerrillos", "linea": "Línea 6", "latitud": -33.4834342, "longitud": -70.6955562 }, "geometry": { "type": "Point", "coordinates": [ -70.6955562, -33.4834342 ] } },
{ "type": "Feature", "properties": { "equipo": "CER-aa9528", "estacion": "CER", "nombre_estacion": "Cerrillos", "linea": "Línea 6", "latitud": -33.4834342, "longitud": -70.6955562 }, "geometry": { "type": "Point", "coordinates": [ -70.6955562, -33.4834342 ] } },
{ "type": "Feature", "properties": { "equipo": "CER-c9011b", "estacion": "CER", "nombre_estacion": "Cerrillos", "linea": "Línea 6", "latitud": -33.4834342, "longitud": -70.6955562 }, "geometry": { "type": "Point", "coordinates": [ -70.6955562, -33.4834342 ] } },
{ "type": "Feature", "properties": { "equipo": "CER-cd50d0", "estacion": "CER", "nombre_estacion": "Cerrillos", "linea": "Línea 6", "latitud": -33.4834342, "longitud": -70.6955562 }, "geometry": { "type": "Point", "coordinates": [ -70.6955562, -33.4834342 ] } },
{ "type": "Feature", "properties": { "equipo": "LF-49b4dd", "estacion": "LF", "nombre_estacion": "Bellavista de La Florida", "linea": "Línea 5", "latitud": -33.5195245, "longitud": -70.6000324 }, "geometry": { "type": "Point", "coordinates": [ -70.6000324, -33.5195245 ] } },
{ "type": "Feature", "properties": { "equipo": "LF-bf3e3e", "estacion": "LF", "nombre_estacion": "Bellavista de La Florida", "linea": "Línea 5", "latitud": -33.5195245, "longitud": -70.6000324 }, "geometry": { "type": "Point", "coordinates": [ -70.6000324, -33.5195245 ] } },
{ "type": "Feature", "properties": { "equipo": "LF-cf5d60", "estacion": "LF", "nombre_estacion": "Bellavista de La Florida", "linea": "Línea 5", "latitud": -33.5195245, "longitud": -70.6000324 }, "geometry": { "type": "Point", "coordinates": [ -70.6000324, -33.5195245 ] } },
{ "type": "Feature", "properties": { "equipo": "MA-23024a", "estacion": "MA", "nombre_estacion": "Mirador", "linea": "Línea 5", "latitud": -33.5133028, "longitud": -70.6059146 }, "geometry": { "type": "Point", "coordinates": [ -70.6059146, -33.5133028 ] } },
{ "type": "Feature", "properties": { "equipo": "MA-50ce59", "estacion": "MA", "nombre_estacion": "Mirador", "linea": "Línea 5", "latitud": -33.5133028, "longitud": -70.6059146 }, "geometry": { "type": "Point", "coordinates": [ -70.6059146, -33.5133028 ] } },
{ "type": "Feature", "properties": { "equipo": "MA-a71c4a", "estacion": "MA", "nombre_estacion": "Mirador", "linea": "Línea 5", "latitud": -33.5133028, "longitud": -70.6059146 }, "geometry": { "type": "Point", "coordinates": [ -70.6059146, -33.5133028 ] } },
{ "type": "Feature", "properties": { "equipo": "PE-2dd283", "estacion": "PE", "nombre_estacion": "Pedrero", "linea": "Línea 5", "latitud": -33.5079499, "longitud": -70.6124467 }, "geometry": { "type": "Point", "coordinates": [ -70.6124467, -33.5079499 ] } },
{ "type": "Feature", "properties": { "equipo": "PE-539aaa", "estacion": "PE", "nombre_estacion": "Pedrero", "linea": "Línea 5", "latitud": -33.5079499, "longitud": -70.6124467 }, "geometry": { "type": "Point", "coordinates": [ -70.6124467, -33.5079499 ] } },
{ "type": "Feature", "properties": { "equipo": "PE-edeef2", "estacion": "PE", "nombre_estacion": "Pedrero", "linea": "Línea 5", "latitud": -33.5079499, "longitud": -70.6124467 }, "geometry": { "type": "Point", "coordinates": [ -70.6124467, -33.5079499 ] } },
{ "type": "Feature", "properties": { "equipo": "AG-092fca", "estacion": "AG", "nombre_estacion": "Camino Agrícola", "linea": "Línea 5", "latitud": -33.4917907, "longitud": -70.6175195 }, "geometry": { "type": "Point", "coordinates": [ -70.6175195, -33.4917907 ] } },
{ "type": "Feature", "properties": { "equipo": "AG-50ce59", "estacion": "AG", "nombre_estacion": "Camino Agrícola", "linea": "Línea 5", "latitud": -33.4917907, "longitud": -70.6175195 }, "geometry": { "type": "Point", "coordinates": [ -70.6175195, -33.4917907 ] } },
{ "type": "Feature", "properties": { "equipo": "AG-d88d57", "estacion": "AG", "nombre_estacion": "Camino Agrícola", "linea": "Línea 5", "latitud": -33.4917907, "longitud": -70.6175195 }, "geometry": { "type": "Point", "coordinates": [ -70.6175195, -33.4917907 ] } },
{ "type": "Feature", "properties": { "equipo": "SJ-23024a", "estacion": "SJ", "nombre_estacion": "San Joaquín", "linea": "Línea 5", "latitud": -33.4993359, "longitud": -70.6158257 }, "geometry": { "type": "Point", "coordinates": [ -70.6158257, -33.4993359 ] } },
{ "type": "Feature", "properties": { "equipo": "SJ-50ce59", "estacion": "SJ", "nombre_estacion": "San Joaquín", "linea": "Línea 5", "latitud": -33.4993359, "longitud": -70.6158257 }, "geometry": { "type": "Point", "coordinates": [ -70.6158257, -33.4993359 ] } },
{ "type": "Feature", "properties": { "equipo": "CV-2dd283", "estacion": "CV", "nombre_estacion": "Carlos Valdovinos", "linea": "Línea 5", "latitud": -33.4863985, "longitud": -70.6191824 }, "geometry": { "type": "Point", "coordinates": [ -70.6191824, -33.4863985 ] } },
{ "type": "Feature", "properties": { "equipo": "CV-539aaa", "estacion": "CV", "nombre_estacion": "Carlos Valdovinos", "linea": "Línea 5", "latitud": -33.4863985, "longitud": -70.6191824 }, "geometry": { "type": "Point", "coordinates": [ -70.6191824, -33.4863985 ] } },
{ "type": "Feature", "properties": { "equipo": "CV-888730", "estacion": "CV", "nombre_estacion": "Carlos Valdovinos", "linea": "Línea 5", "latitud": -33.4863985, "longitud": -70.6191824 }, "geometry": { "type": "Point", "coordinates": [ -70.6191824, -33.4863985 ] } },
{ "type": "Feature", "properties": { "equipo": "RA-23024a", "estacion": "RA", "nombre_estacion": "Rodrigo de Araya", "linea": "Línea 5", "latitud": -33.4778167, "longitud": -70.6222636 }, "geometry": { "type": "Point", "coordinates": [ -70.6222636, -33.4778167 ] } },
{ "type": "Feature", "properties": { "equipo": "RA-50ce59", "estacion": "RA", "nombre_estacion": "Rodrigo de Araya", "linea": "Línea 5", "latitud": -33.4778167, "longitud": -70.6222636 }, "geometry": { "type": "Point", "coordinates": [ -70.6222636, -33.4778167 ] } },
{ "type": "Feature", "properties": { "equipo": "RA-99a725", "estacion": "RA", "nombre_estacion": "Rodrigo de Araya", "linea": "Línea 5", "latitud": -33.4778167, "longitud": -70.6222636 }, "geometry": { "type": "Point", "coordinates": [ -70.6222636, -33.4778167 ] } },
{ "type": "Feature", "properties": { "equipo": "IR-19819d", "estacion": "IR", "nombre_estacion": "Irarrázaval", "linea": "Línea 5", "latitud": -33.4550535, "longitud": -70.6283154 }, "geometry": { "type": "Point", "coordinates": [ -70.6283154, -33.4550535 ] } },
{ "type": "Feature", "properties": { "equipo": "IR-3b98ca", "estacion": "IR", "nombre_estacion": "Irarrázaval", "linea": "Línea 5", "latitud": -33.4550535, "longitud": -70.6283154 }, "geometry": { "type": "Point", "coordinates": [ -70.6283154, -33.4550535 ] } },
{ "type": "Feature", "properties": { "equipo": "IR-4907e0", "estacion": "IR", "nombre_estacion": "Irarrázaval", "linea": "Línea 5", "latitud": -33.4550535, "longitud": -70.6283154 }, "geometry": { "type": "Point", "coordinates": [ -70.6283154, -33.4550535 ] } },
{ "type": "Feature", "properties": { "equipo": "IR-97cdfa", "estacion": "IR", "nombre_estacion": "Irarrázaval", "linea": "Línea 5", "latitud": -33.4550535, "longitud": -70.6283154 }, "geometry": { "type": "Point", "coordinates": [ -70.6283154, -33.4550535 ] } },
{ "type": "Feature", "properties": { "equipo": "IR-a50300", "estacion": "IR", "nombre_estacion": "Irarrázaval", "linea": "Línea 5", "latitud": -33.4550535, "longitud": -70.6283154 }, "geometry": { "type": "Point", "coordinates": [ -70.6283154, -33.4550535 ] } },
{ "type": "Feature", "properties": { "equipo": "NU-16a24c", "estacion": "NU", "nombre_estacion": "Ñuble", "linea": "Línea 5", "latitud": -33.4673629, "longitud": -70.6247567 }, "geometry": { "type": "Point", "coordinates": [ -70.6247567, -33.4673629 ] } },
{ "type": "Feature", "properties": { "equipo": "NU-3a5ba6", "estacion": "NU", "nombre_estacion": "Ñuble", "linea": "Línea 5", "latitud": -33.4673629, "longitud": -70.6247567 }, "geometry": { "type": "Point", "coordinates": [ -70.6247567, -33.4673629 ] } },
{ "type": "Feature", "properties": { "equipo": "NU-560f61", "estacion": "NU", "nombre_estacion": "Ñuble", "linea": "Línea 5", "latitud": -33.4673629, "longitud": -70.6247567 }, "geometry": { "type": "Point", "coordinates": [ -70.6247567, -33.4673629 ] } },
{ "type": "Feature", "properties": { "equipo": "NU-5a46c7", "estacion": "NU", "nombre_estacion": "Ñuble", "linea": "Línea 5", "latitud": -33.4673629, "longitud": -70.6247567 }, "geometry": { "type": "Point", "coordinates": [ -70.6247567, -33.4673629 ] } },
{ "type": "Feature", "properties": { "equipo": "SI-2dd283", "estacion": "SI", "nombre_estacion": "Santa Isabel", "linea": "Línea 5", "latitud": -33.4471204, "longitud": -70.6304343 }, "geometry": { "type": "Point", "coordinates": [ -70.6304343, -33.4471204 ] } },
{ "type": "Feature", "properties": { "equipo": "SI-539aaa", "estacion": "SI", "nombre_estacion": "Santa Isabel", "linea": "Línea 5", "latitud": -33.4471204, "longitud": -70.6304343 }, "geometry": { "type": "Point", "coordinates": [ -70.6304343, -33.4471204 ] } },
{ "type": "Feature", "properties": { "equipo": "SI-5b7d29", "estacion": "SI", "nombre_estacion": "Santa Isabel", "linea": "Línea 5", "latitud": -33.4471204, "longitud": -70.6304343 }, "geometry": { "type": "Point", "coordinates": [ -70.6304343, -33.4471204 ] } },
{ "type": "Feature", "properties": { "equipo": "PB-2dd283", "estacion": "PB", "nombre_estacion": "Parque Bustamante", "linea": "Línea 5", "latitud": -33.4428037, "longitud": -70.6319594 }, "geometry": { "type": "Point", "coordinates": [ -70.6319594, -33.4428037 ] } },
{ "type": "Feature", "properties": { "equipo": "PB-539aaa", "estacion": "PB", "nombre_estacion": "Parque Bustamante", "linea": "Línea 5", "latitud": -33.4428037, "longitud": -70.6319594 }, "geometry": { "type": "Point", "coordinates": [ -70.6319594, -33.4428037 ] } },
{ "type": "Feature", "properties": { "equipo": "PB-a92ca5", "estacion": "PB", "nombre_estacion": "Parque Bustamante", "linea": "Línea 5", "latitud": -33.4428037, "longitud": -70.6319594 }, "geometry": { "type": "Point", "coordinates": [ -70.6319594, -33.4428037 ] } },
{ "type": "Feature", "properties": { "equipo": "BQ-18f643", "estacion": "BQ", "nombre_estacion": "Baquedano", "linea": "Línea 5", "latitud": -33.4372174, "longitud": -70.6334109 }, "geometry": { "type": "Point", "coordinates": [ -70.6334109, -33.4372174 ] } },
{ "type": "Feature", "properties": { "equipo": "BQ-36f159", "estacion": "BQ", "nombre_estacion": "Baquedano", "linea": "Línea 5", "latitud": -33.4372174, "longitud": -70.6334109 }, "geometry": { "type": "Point", "coordinates": [ -70.6334109, -33.4372174 ] } },
{ "type": "Feature", "properties": { "equipo": "BQ-631d39", "estacion": "BQ", "nombre_estacion": "Baquedano", "linea": "Línea 5", "latitud": -33.4372174, "longitud": -70.6334109 }, "geometry": { "type": "Point", "coordinates": [ -70.6334109, -33.4372174 ] } },
{ "type": "Feature", "properties": { "equipo": "BQ-92aa45", "estacion": "BQ", "nombre_estacion": "Baquedano", "linea": "Línea 5", "latitud": -33.4372174, "longitud": -70.6334109 }, "geometry": { "type": "Point", "coordinates": [ -70.6334109, -33.4372174 ] } },
{ "type": "Feature", "properties": { "equipo": "BQ-a78e87", "estacion": "BQ", "nombre_estacion": "Baquedano", "linea": "Línea 5", "latitud": -33.4372174, "longitud": -70.6334109 }, "geometry": { "type": "Point", "coordinates": [ -70.6334109, -33.4372174 ] } },
{ "type": "Feature", "properties": { "equipo": "BQ-ac4cdf", "estacion": "BQ", "nombre_estacion": "Baquedano", "linea": "Línea 5", "latitud": -33.4372174, "longitud": -70.6334109 }, "geometry": { "type": "Point", "coordinates": [ -70.6334109, -33.4372174 ] } },
{ "type": "Feature", "properties": { "equipo": "BQ-c8cf87", "estacion": "BQ", "nombre_estacion": "Baquedano", "linea": "Línea 5", "latitud": -33.4372174, "longitud": -70.6334109 }, "geometry": { "type": "Point", "coordinates": [ -70.6334109, -33.4372174 ] } },
{ "type": "Feature", "properties": { "equipo": "BQ-e49396", "estacion": "BQ", "nombre_estacion": "Baquedano", "linea": "Línea 5", "latitud": -33.4372174, "longitud": -70.6334109 }, "geometry": { "type": "Point", "coordinates": [ -70.6334109, -33.4372174 ] } },
{ "type": "Feature", "properties": { "equipo": "BE-2dd283", "estacion": "BE", "nombre_estacion": "Bellas Artes", "linea": "Línea 5", "latitud": -33.4366322, "longitud": -70.6441329 }, "geometry": { "type": "Point", "coordinates": [ -70.6441329, -33.4366322 ] } },
{ "type": "Feature", "properties": { "equipo": "BE-539aaa", "estacion": "BE", "nombre_estacion": "Bellas Artes", "linea": "Línea 5", "latitud": -33.4366322, "longitud": -70.6441329 }, "geometry": { "type": "Point", "coordinates": [ -70.6441329, -33.4366322 ] } },
{ "type": "Feature", "properties": { "equipo": "BE-b03e2a", "estacion": "BE", "nombre_estacion": "Bellas Artes", "linea": "Línea 5", "latitud": -33.4366322, "longitud": -70.6441329 }, "geometry": { "type": "Point", "coordinates": [ -70.6441329, -33.4366322 ] } },
{ "type": "Feature", "properties": { "equipo": "BE-fcc63f", "estacion": "BE", "nombre_estacion": "Bellas Artes", "linea": "Línea 5", "latitud": -33.4366322, "longitud": -70.6441329 }, "geometry": { "type": "Point", "coordinates": [ -70.6441329, -33.4366322 ] } },
{ "type": "Feature", "properties": { "equipo": "PZ-07a96f", "estacion": "PZ", "nombre_estacion": "Plaza de Armas", "linea": "Línea 5", "latitud": -33.4374154, "longitud": -70.6512777 }, "geometry": { "type": "Point", "coordinates": [ -70.6512777, -33.4374154 ] } },
{ "type": "Feature", "properties": { "equipo": "PZ-166f01", "estacion": "PZ", "nombre_estacion": "Plaza de Armas", "linea": "Línea 5", "latitud": -33.4374154, "longitud": -70.6512777 }, "geometry": { "type": "Point", "coordinates": [ -70.6512777, -33.4374154 ] } },
{ "type": "Feature", "properties": { "equipo": "PZ-2afb26", "estacion": "PZ", "nombre_estacion": "Plaza de Armas", "linea": "Línea 5", "latitud": -33.4374154, "longitud": -70.6512777 }, "geometry": { "type": "Point", "coordinates": [ -70.6512777, -33.4374154 ] } },
{ "type": "Feature", "properties": { "equipo": "PZ-81f4a2", "estacion": "PZ", "nombre_estacion": "Plaza de Armas", "linea": "Línea 5", "latitud": -33.4374154, "longitud": -70.6512777 }, "geometry": { "type": "Point", "coordinates": [ -70.6512777, -33.4374154 ] } },
{ "type": "Feature", "properties": { "equipo": "PZ-84244c", "estacion": "PZ", "nombre_estacion": "Plaza de Armas", "linea": "Línea 5", "latitud": -33.4374154, "longitud": -70.6512777 }, "geometry": { "type": "Point", "coordinates": [ -70.6512777, -33.4374154 ] } },
{ "type": "Feature", "properties": { "equipo": "PZ-88c017", "estacion": "PZ", "nombre_estacion": "Plaza de Armas", "linea": "Línea 5", "latitud": -33.4374154, "longitud": -70.6512777 }, "geometry": { "type": "Point", "coordinates": [ -70.6512777, -33.4374154 ] } },
{ "type": "Feature", "properties": { "equipo": "PZ-d4b8ac", "estacion": "PZ", "nombre_estacion": "Plaza de Armas", "linea": "Línea 5", "latitud": -33.4374154, "longitud": -70.6512777 }, "geometry": { "type": "Point", "coordinates": [ -70.6512777, -33.4374154 ] } },
{ "type": "Feature", "properties": { "equipo": "PZ-f6f931", "estacion": "PZ", "nombre_estacion": "Plaza de Armas", "linea": "Línea 5", "latitud": -33.4374154, "longitud": -70.6512777 }, "geometry": { "type": "Point", "coordinates": [ -70.6512777, -33.4374154 ] } },
{ "type": "Feature", "properties": { "equipo": "NA-083ec3", "estacion": "NA", "nombre_estacion": "Santa Ana", "linea": "Línea 5", "latitud": -33.4382499, "longitud": -70.6598961 }, "geometry": { "type": "Point", "coordinates": [ -70.6598961, -33.4382499 ] } },
{ "type": "Feature", "properties": { "equipo": "NA-0aa310", "estacion": "NA", "nombre_estacion": "Santa Ana", "linea": "Línea 5", "latitud": -33.4382499, "longitud": -70.6598961 }, "geometry": { "type": "Point", "coordinates": [ -70.6598961, -33.4382499 ] } },
{ "type": "Feature", "properties": { "equipo": "NA-158521", "estacion": "NA", "nombre_estacion": "Santa Ana", "linea": "Línea 5", "latitud": -33.4382499, "longitud": -70.6598961 }, "geometry": { "type": "Point", "coordinates": [ -70.6598961, -33.4382499 ] } },
{ "type": "Feature", "properties": { "equipo": "NA-203f0b", "estacion": "NA", "nombre_estacion": "Santa Ana", "linea": "Línea 5", "latitud": -33.4382499, "longitud": -70.6598961 }, "geometry": { "type": "Point", "coordinates": [ -70.6598961, -33.4382499 ] } },
{ "type": "Feature", "properties": { "equipo": "NA-33ab48", "estacion": "NA", "nombre_estacion": "Santa Ana", "linea": "Línea 5", "latitud": -33.4382499, "longitud": -70.6598961 }, "geometry": { "type": "Point", "coordinates": [ -70.6598961, -33.4382499 ] } },
{ "type": "Feature", "properties": { "equipo": "NA-35d00e", "estacion": "NA", "nombre_estacion": "Santa Ana", "linea": "Línea 5", "latitud": -33.4382499, "longitud": -70.6598961 }, "geometry": { "type": "Point", "coordinates": [ -70.6598961, -33.4382499 ] } },
{ "type": "Feature", "properties": { "equipo": "NA-381a0f", "estacion": "NA", "nombre_estacion": "Santa Ana", "linea": "Línea 5", "latitud": -33.4382499, "longitud": -70.6598961 }, "geometry": { "type": "Point", "coordinates": [ -70.6598961, -33.4382499 ] } },
{ "type": "Feature", "properties": { "equipo": "NA-d31ef4", "estacion": "NA", "nombre_estacion": "Santa Ana", "linea": "Línea 5", "latitud": -33.4382499, "longitud": -70.6598961 }, "geometry": { "type": "Point", "coordinates": [ -70.6598961, -33.4382499 ] } },
{ "type": "Feature", "properties": { "equipo": "NA-d9cf44", "estacion": "NA", "nombre_estacion": "Santa Ana", "linea": "Línea 5", "latitud": -33.4382499, "longitud": -70.6598961 }, "geometry": { "type": "Point", "coordinates": [ -70.6598961, -33.4382499 ] } },
{ "type": "Feature", "properties": { "equipo": "RC-02b222", "estacion": "RC", "nombre_estacion": "Cumming", "linea": "Línea 5", "latitud": -33.4391444, "longitud": -70.668534 }, "geometry": { "type": "Point", "coordinates": [ -70.668534, -33.4391444 ] } },
{ "type": "Feature", "properties": { "equipo": "RC-18ffed", "estacion": "RC", "nombre_estacion": "Cumming", "linea": "Línea 5", "latitud": -33.4391444, "longitud": -70.668534 }, "geometry": { "type": "Point", "coordinates": [ -70.668534, -33.4391444 ] } },
{ "type": "Feature", "properties": { "equipo": "RC-2dd283", "estacion": "RC", "nombre_estacion": "Cumming", "linea": "Línea 5", "latitud": -33.4391444, "longitud": -70.668534 }, "geometry": { "type": "Point", "coordinates": [ -70.668534, -33.4391444 ] } },
{ "type": "Feature", "properties": { "equipo": "RC-539aaa", "estacion": "RC", "nombre_estacion": "Cumming", "linea": "Línea 5", "latitud": -33.4391444, "longitud": -70.668534 }, "geometry": { "type": "Point", "coordinates": [ -70.668534, -33.4391444 ] } },
{ "type": "Feature", "properties": { "equipo": "RC-8e7a59", "estacion": "RC", "nombre_estacion": "Cumming", "linea": "Línea 5", "latitud": -33.4391444, "longitud": -70.668534 }, "geometry": { "type": "Point", "coordinates": [ -70.668534, -33.4391444 ] } },
{ "type": "Feature", "properties": { "equipo": "QN-2864ac", "estacion": "QN", "nombre_estacion": "Quinta Normal", "linea": "Línea 5", "latitud": -33.440368, "longitud": -70.6802912 }, "geometry": { "type": "Point", "coordinates": [ -70.6802912, -33.440368 ] } },
{ "type": "Feature", "properties": { "equipo": "QN-2dd283", "estacion": "QN", "nombre_estacion": "Quinta Normal", "linea": "Línea 5", "latitud": -33.440368, "longitud": -70.6802912 }, "geometry": { "type": "Point", "coordinates": [ -70.6802912, -33.440368 ] } },
{ "type": "Feature", "properties": { "equipo": "QN-30a2fa", "estacion": "QN", "nombre_estacion": "Quinta Normal", "linea": "Línea 5", "latitud": -33.440368, "longitud": -70.6802912 }, "geometry": { "type": "Point", "coordinates": [ -70.6802912, -33.440368 ] } },
{ "type": "Feature", "properties": { "equipo": "QN-381a0f", "estacion": "QN", "nombre_estacion": "Quinta Normal", "linea": "Línea 5", "latitud": -33.440368, "longitud": -70.6802912 }, "geometry": { "type": "Point", "coordinates": [ -70.6802912, -33.440368 ] } },
{ "type": "Feature", "properties": { "equipo": "QN-500889", "estacion": "QN", "nombre_estacion": "Quinta Normal", "linea": "Línea 5", "latitud": -33.440368, "longitud": -70.6802912 }, "geometry": { "type": "Point", "coordinates": [ -70.6802912, -33.440368 ] } },
{ "type": "Feature", "properties": { "equipo": "QN-539aaa", "estacion": "QN", "nombre_estacion": "Quinta Normal", "linea": "Línea 5", "latitud": -33.440368, "longitud": -70.6802912 }, "geometry": { "type": "Point", "coordinates": [ -70.6802912, -33.440368 ] } },
{ "type": "Feature", "properties": { "equipo": "QN-aa0b05", "estacion": "QN", "nombre_estacion": "Quinta Normal", "linea": "Línea 5", "latitud": -33.440368, "longitud": -70.6802912 }, "geometry": { "type": "Point", "coordinates": [ -70.6802912, -33.440368 ] } },
{ "type": "Feature", "properties": { "equipo": "QN-c731e4", "estacion": "QN", "nombre_estacion": "Quinta Normal", "linea": "Línea 5", "latitud": -33.440368, "longitud": -70.6802912 }, "geometry": { "type": "Point", "coordinates": [ -70.6802912, -33.440368 ] } },
{ "type": "Feature", "properties": { "equipo": "QN-dd12a7", "estacion": "QN", "nombre_estacion": "Quinta Normal", "linea": "Línea 5", "latitud": -33.440368, "longitud": -70.6802912 }, "geometry": { "type": "Point", "coordinates": [ -70.6802912, -33.440368 ] } },
{ "type": "Feature", "properties": { "equipo": "QN-e038d4", "estacion": "QN", "nombre_estacion": "Quinta Normal", "linea": "Línea 5", "latitud": -33.440368, "longitud": -70.6802912 }, "geometry": { "type": "Point", "coordinates": [ -70.6802912, -33.440368 ] } },
{ "type": "Feature", "properties": { "equipo": "QN-e6a7ca", "estacion": "QN", "nombre_estacion": "Quinta Normal", "linea": "Línea 5", "latitud": -33.440368, "longitud": -70.6802912 }, "geometry": { "type": "Point", "coordinates": [ -70.6802912, -33.440368 ] } },
{ "type": "Feature", "properties": { "equipo": "BL-060bbe", "estacion": "BL", "nombre_estacion": "Blanqueado", "linea": "Línea 5", "latitud": -33.4413214, "longitud": -70.7066515 }, "geometry": { "type": "Point", "coordinates": [ -70.7066515, -33.4413214 ] } },
{ "type": "Feature", "properties": { "equipo": "BL-2737f3", "estacion": "BL", "nombre_estacion": "Blanqueado", "linea": "Línea 5", "latitud": -33.4413214, "longitud": -70.7066515 }, "geometry": { "type": "Point", "coordinates": [ -70.7066515, -33.4413214 ] } },
{ "type": "Feature", "properties": { "equipo": "BL-4968e3", "estacion": "BL", "nombre_estacion": "Blanqueado", "linea": "Línea 5", "latitud": -33.4413214, "longitud": -70.7066515 }, "geometry": { "type": "Point", "coordinates": [ -70.7066515, -33.4413214 ] } },
{ "type": "Feature", "properties": { "equipo": "BL-50ce59", "estacion": "BL", "nombre_estacion": "Blanqueado", "linea": "Línea 5", "latitud": -33.4413214, "longitud": -70.7066515 }, "geometry": { "type": "Point", "coordinates": [ -70.7066515, -33.4413214 ] } },
{ "type": "Feature", "properties": { "equipo": "BL-52c92a", "estacion": "BL", "nombre_estacion": "Blanqueado", "linea": "Línea 5", "latitud": -33.4413214, "longitud": -70.7066515 }, "geometry": { "type": "Point", "coordinates": [ -70.7066515, -33.4413214 ] } },
{ "type": "Feature", "properties": { "equipo": "BL-6df91d", "estacion": "BL", "nombre_estacion": "Blanqueado", "linea": "Línea 5", "latitud": -33.4413214, "longitud": -70.7066515 }, "geometry": { "type": "Point", "coordinates": [ -70.7066515, -33.4413214 ] } },
{ "type": "Feature", "properties": { "equipo": "BL-966992", "estacion": "BL", "nombre_estacion": "Blanqueado", "linea": "Línea 5", "latitud": -33.4413214, "longitud": -70.7066515 }, "geometry": { "type": "Point", "coordinates": [ -70.7066515, -33.4413214 ] } },
{ "type": "Feature", "properties": { "equipo": "BL-c69091", "estacion": "BL", "nombre_estacion": "Blanqueado", "linea": "Línea 5", "latitud": -33.4413214, "longitud": -70.7066515 }, "geometry": { "type": "Point", "coordinates": [ -70.7066515, -33.4413214 ] } },
{ "type": "Feature", "properties": { "equipo": "BL-d3d728", "estacion": "BL", "nombre_estacion": "Blanqueado", "linea": "Línea 5", "latitud": -33.4413214, "longitud": -70.7066515 }, "geometry": { "type": "Point", "coordinates": [ -70.7066515, -33.4413214 ] } },
{ "type": "Feature", "properties": { "equipo": "GL-1af78b", "estacion": "GL", "nombre_estacion": "Gruta de Lourdes", "linea": "Línea 5", "latitud": -33.438011, "longitud": -70.6910279 }, "geometry": { "type": "Point", "coordinates": [ -70.6910279, -33.438011 ] } },
{ "type": "Feature", "properties": { "equipo": "GL-2737f3", "estacion": "GL", "nombre_estacion": "Gruta de Lourdes", "linea": "Línea 5", "latitud": -33.438011, "longitud": -70.6910279 }, "geometry": { "type": "Point", "coordinates": [ -70.6910279, -33.438011 ] } },
{ "type": "Feature", "properties": { "equipo": "GL-3ed2c4", "estacion": "GL", "nombre_estacion": "Gruta de Lourdes", "linea": "Línea 5", "latitud": -33.438011, "longitud": -70.6910279 }, "geometry": { "type": "Point", "coordinates": [ -70.6910279, -33.438011 ] } },
{ "type": "Feature", "properties": { "equipo": "GL-4968e3", "estacion": "GL", "nombre_estacion": "Gruta de Lourdes", "linea": "Línea 5", "latitud": -33.438011, "longitud": -70.6910279 }, "geometry": { "type": "Point", "coordinates": [ -70.6910279, -33.438011 ] } },
{ "type": "Feature", "properties": { "equipo": "GL-50ce59", "estacion": "GL", "nombre_estacion": "Gruta de Lourdes", "linea": "Línea 5", "latitud": -33.438011, "longitud": -70.6910279 }, "geometry": { "type": "Point", "coordinates": [ -70.6910279, -33.438011 ] } },
{ "type": "Feature", "properties": { "equipo": "GL-8ef6a3", "estacion": "GL", "nombre_estacion": "Gruta de Lourdes", "linea": "Línea 5", "latitud": -33.438011, "longitud": -70.6910279 }, "geometry": { "type": "Point", "coordinates": [ -70.6910279, -33.438011 ] } },
{ "type": "Feature", "properties": { "equipo": "GL-966992", "estacion": "GL", "nombre_estacion": "Gruta de Lourdes", "linea": "Línea 5", "latitud": -33.438011, "longitud": -70.6910279 }, "geometry": { "type": "Point", "coordinates": [ -70.6910279, -33.438011 ] } },
{ "type": "Feature", "properties": { "equipo": "GL-b6b440", "estacion": "GL", "nombre_estacion": "Gruta de Lourdes", "linea": "Línea 5", "latitud": -33.438011, "longitud": -70.6910279 }, "geometry": { "type": "Point", "coordinates": [ -70.6910279, -33.438011 ] } },
{ "type": "Feature", "properties": { "equipo": "GL-c8c561", "estacion": "GL", "nombre_estacion": "Gruta de Lourdes", "linea": "Línea 5", "latitud": -33.438011, "longitud": -70.6910279 }, "geometry": { "type": "Point", "coordinates": [ -70.6910279, -33.438011 ] } },
{ "type": "Feature", "properties": { "equipo": "GL-d3d728", "estacion": "GL", "nombre_estacion": "Gruta de Lourdes", "linea": "Línea 5", "latitud": -33.438011, "longitud": -70.6910279 }, "geometry": { "type": "Point", "coordinates": [ -70.6910279, -33.438011 ] } },
{ "type": "Feature", "properties": { "equipo": "GL-f773b3", "estacion": "GL", "nombre_estacion": "Gruta de Lourdes", "linea": "Línea 5", "latitud": -33.438011, "longitud": -70.6910279 }, "geometry": { "type": "Point", "coordinates": [ -70.6910279, -33.438011 ] } },
{ "type": "Feature", "properties": { "equipo": "PR-18ffed", "estacion": "PR", "nombre_estacion": "Lo Prado", "linea": "Línea 5", "latitud": -33.4434094, "longitud": -70.7167535 }, "geometry": { "type": "Point", "coordinates": [ -70.7167535, -33.4434094 ] } },
{ "type": "Feature", "properties": { "equipo": "PR-1a96f4", "estacion": "PR", "nombre_estacion": "Lo Prado", "linea": "Línea 5", "latitud": -33.4434094, "longitud": -70.7167535 }, "geometry": { "type": "Point", "coordinates": [ -70.7167535, -33.4434094 ] } },
{ "type": "Feature", "properties": { "equipo": "PR-4968e3", "estacion": "PR", "nombre_estacion": "Lo Prado", "linea": "Línea 5", "latitud": -33.4434094, "longitud": -70.7167535 }, "geometry": { "type": "Point", "coordinates": [ -70.7167535, -33.4434094 ] } },
{ "type": "Feature", "properties": { "equipo": "PR-50ce59", "estacion": "PR", "nombre_estacion": "Lo Prado", "linea": "Línea 5", "latitud": -33.4434094, "longitud": -70.7167535 }, "geometry": { "type": "Point", "coordinates": [ -70.7167535, -33.4434094 ] } },
{ "type": "Feature", "properties": { "equipo": "PR-966992", "estacion": "PR", "nombre_estacion": "Lo Prado", "linea": "Línea 5", "latitud": -33.4434094, "longitud": -70.7167535 }, "geometry": { "type": "Point", "coordinates": [ -70.7167535, -33.4434094 ] } },
{ "type": "Feature", "properties": { "equipo": "PR-ab2cf4", "estacion": "PR", "nombre_estacion": "Lo Prado", "linea": "Línea 5", "latitud": -33.4434094, "longitud": -70.7167535 }, "geometry": { "type": "Point", "coordinates": [ -70.7167535, -33.4434094 ] } },
{ "type": "Feature", "properties": { "equipo": "PR-beccf4", "estacion": "PR", "nombre_estacion": "Lo Prado", "linea": "Línea 5", "latitud": -33.4434094, "longitud": -70.7167535 }, "geometry": { "type": "Point", "coordinates": [ -70.7167535, -33.4434094 ] } },
{ "type": "Feature", "properties": { "equipo": "SO-0fd2d0", "estacion": "SO", "nombre_estacion": "San Pablo", "linea": "Línea 5", "latitud": -33.4442061, "longitud": -70.7231838 }, "geometry": { "type": "Point", "coordinates": [ -70.7231838, -33.4442061 ] } },
{ "type": "Feature", "properties": { "equipo": "SO-12d929", "estacion": "SO", "nombre_estacion": "San Pablo", "linea": "Línea 5", "latitud": -33.4442061, "longitud": -70.7231838 }, "geometry": { "type": "Point", "coordinates": [ -70.7231838, -33.4442061 ] } },
{ "type": "Feature", "properties": { "equipo": "SO-22545f", "estacion": "SO", "nombre_estacion": "San Pablo", "linea": "Línea 5", "latitud": -33.4442061, "longitud": -70.7231838 }, "geometry": { "type": "Point", "coordinates": [ -70.7231838, -33.4442061 ] } },
{ "type": "Feature", "properties": { "equipo": "SO-580123", "estacion": "SO", "nombre_estacion": "San Pablo", "linea": "Línea 5", "latitud": -33.4442061, "longitud": -70.7231838 }, "geometry": { "type": "Point", "coordinates": [ -70.7231838, -33.4442061 ] } },
{ "type": "Feature", "properties": { "equipo": "SO-5a9a86", "estacion": "SO", "nombre_estacion": "San Pablo", "linea": "Línea 5", "latitud": -33.4442061, "longitud": -70.7231838 }, "geometry": { "type": "Point", "coordinates": [ -70.7231838, -33.4442061 ] } },
{ "type": "Feature", "properties": { "equipo": "SO-6084c1", "estacion": "SO", "nombre_estacion": "San Pablo", "linea": "Línea 5", "latitud": -33.4442061, "longitud": -70.7231838 }, "geometry": { "type": "Point", "coordinates": [ -70.7231838, -33.4442061 ] } },
{ "type": "Feature", "properties": { "equipo": "SO-b19517", "estacion": "SO", "nombre_estacion": "San Pablo", "linea": "Línea 5", "latitud": -33.4442061, "longitud": -70.7231838 }, "geometry": { "type": "Point", "coordinates": [ -70.7231838, -33.4442061 ] } },
{ "type": "Feature", "properties": { "equipo": "SO-beccf4", "estacion": "SO", "nombre_estacion": "San Pablo", "linea": "Línea 5", "latitud": -33.4442061, "longitud": -70.7231838 }, "geometry": { "type": "Point", "coordinates": [ -70.7231838, -33.4442061 ] } },
{ "type": "Feature", "properties": { "equipo": "SO-c37a9d", "estacion": "SO", "nombre_estacion": "San Pablo", "linea": "Línea 5", "latitud": -33.4442061, "longitud": -70.7231838 }, "geometry": { "type": "Point", "coordinates": [ -70.7231838, -33.4442061 ] } },
{ "type": "Feature", "properties": { "equipo": "SO-c795bc", "estacion": "SO", "nombre_estacion": "San Pablo", "linea": "Línea 5", "latitud": -33.4442061, "longitud": -70.7231838 }, "geometry": { "type": "Point", "coordinates": [ -70.7231838, -33.4442061 ] } },
{ "type": "Feature", "properties": { "equipo": "SO-c9011b", "estacion": "SO", "nombre_estacion": "San Pablo", "linea": "Línea 5", "latitud": -33.4442061, "longitud": -70.7231838 }, "geometry": { "type": "Point", "coordinates": [ -70.7231838, -33.4442061 ] } },
{ "type": "Feature", "properties": { "equipo": "SO-ec0a3b", "estacion": "SO", "nombre_estacion": "San Pablo", "linea": "Línea 5", "latitud": -33.4442061, "longitud": -70.7231838 }, "geometry": { "type": "Point", "coordinates": [ -70.7231838, -33.4442061 ] } },
{ "type": "Feature", "properties": { "equipo": "BR-3c4b59", "estacion": "BR", "nombre_estacion": "Barrancas", "linea": "Línea 5", "latitud": -33.4529813, "longitud": -70.739037 }, "geometry": { "type": "Point", "coordinates": [ -70.739037, -33.4529813 ] } },
{ "type": "Feature", "properties": { "equipo": "BR-4968e3", "estacion": "BR", "nombre_estacion": "Barrancas", "linea": "Línea 5", "latitud": -33.4529813, "longitud": -70.739037 }, "geometry": { "type": "Point", "coordinates": [ -70.739037, -33.4529813 ] } },
{ "type": "Feature", "properties": { "equipo": "BR-50ce59", "estacion": "BR", "nombre_estacion": "Barrancas", "linea": "Línea 5", "latitud": -33.4529813, "longitud": -70.739037 }, "geometry": { "type": "Point", "coordinates": [ -70.739037, -33.4529813 ] } },
{ "type": "Feature", "properties": { "equipo": "BR-966992", "estacion": "BR", "nombre_estacion": "Barrancas", "linea": "Línea 5", "latitud": -33.4529813, "longitud": -70.739037 }, "geometry": { "type": "Point", "coordinates": [ -70.739037, -33.4529813 ] } },
{ "type": "Feature", "properties": { "equipo": "BR-a794bb", "estacion": "BR", "nombre_estacion": "Barrancas", "linea": "Línea 5", "latitud": -33.4529813, "longitud": -70.739037 }, "geometry": { "type": "Point", "coordinates": [ -70.739037, -33.4529813 ] } },
{ "type": "Feature", "properties": { "equipo": "BR-c9011b", "estacion": "BR", "nombre_estacion": "Barrancas", "linea": "Línea 5", "latitud": -33.4529813, "longitud": -70.739037 }, "geometry": { "type": "Point", "coordinates": [ -70.739037, -33.4529813 ] } },
{ "type": "Feature", "properties": { "equipo": "BR-fbc5de", "estacion": "BR", "nombre_estacion": "Barrancas", "linea": "Línea 5", "latitud": -33.4529813, "longitud": -70.739037 }, "geometry": { "type": "Point", "coordinates": [ -70.739037, -33.4529813 ] } },
{ "type": "Feature", "properties": { "equipo": "PU-0320b3", "estacion": "PU", "nombre_estacion": "Pudahuel", "linea": "Línea 5", "latitud": -33.4448632, "longitud": -70.7411438 }, "geometry": { "type": "Point", "coordinates": [ -70.7411438, -33.4448632 ] } },
{ "type": "Feature", "properties": { "equipo": "PU-060bbe", "estacion": "PU", "nombre_estacion": "Pudahuel", "linea": "Línea 5", "latitud": -33.4448632, "longitud": -70.7411438 }, "geometry": { "type": "Point", "coordinates": [ -70.7411438, -33.4448632 ] } },
{ "type": "Feature", "properties": { "equipo": "PU-2737f3", "estacion": "PU", "nombre_estacion": "Pudahuel", "linea": "Línea 5", "latitud": -33.4448632, "longitud": -70.7411438 }, "geometry": { "type": "Point", "coordinates": [ -70.7411438, -33.4448632 ] } },
{ "type": "Feature", "properties": { "equipo": "PU-4968e3", "estacion": "PU", "nombre_estacion": "Pudahuel", "linea": "Línea 5", "latitud": -33.4448632, "longitud": -70.7411438 }, "geometry": { "type": "Point", "coordinates": [ -70.7411438, -33.4448632 ] } },
{ "type": "Feature", "properties": { "equipo": "PU-50ce59", "estacion": "PU", "nombre_estacion": "Pudahuel", "linea": "Línea 5", "latitud": -33.4448632, "longitud": -70.7411438 }, "geometry": { "type": "Point", "coordinates": [ -70.7411438, -33.4448632 ] } },
{ "type": "Feature", "properties": { "equipo": "PU-52c92a", "estacion": "PU", "nombre_estacion": "Pudahuel", "linea": "Línea 5", "latitud": -33.4448632, "longitud": -70.7411438 }, "geometry": { "type": "Point", "coordinates": [ -70.7411438, -33.4448632 ] } },
{ "type": "Feature", "properties": { "equipo": "PU-6df91d", "estacion": "PU", "nombre_estacion": "Pudahuel", "linea": "Línea 5", "latitud": -33.4448632, "longitud": -70.7411438 }, "geometry": { "type": "Point", "coordinates": [ -70.7411438, -33.4448632 ] } },
{ "type": "Feature", "properties": { "equipo": "PU-966992", "estacion": "PU", "nombre_estacion": "Pudahuel", "linea": "Línea 5", "latitud": -33.4448632, "longitud": -70.7411438 }, "geometry": { "type": "Point", "coordinates": [ -70.7411438, -33.4448632 ] } },
{ "type": "Feature", "properties": { "equipo": "PU-c69091", "estacion": "PU", "nombre_estacion": "Pudahuel", "linea": "Línea 5", "latitud": -33.4448632, "longitud": -70.7411438 }, "geometry": { "type": "Point", "coordinates": [ -70.7411438, -33.4448632 ] } },
{ "type": "Feature", "properties": { "equipo": "LS-18ff21", "estacion": "LS", "nombre_estacion": "Laguna Sur", "linea": "Línea 5", "latitud": -33.4621633, "longitud": -70.7379067 }, "geometry": { "type": "Point", "coordinates": [ -70.7379067, -33.4621633 ] } },
{ "type": "Feature", "properties": { "equipo": "LS-768e0e", "estacion": "LS", "nombre_estacion": "Laguna Sur", "linea": "Línea 5", "latitud": -33.4621633, "longitud": -70.7379067 }, "geometry": { "type": "Point", "coordinates": [ -70.7379067, -33.4621633 ] } },
{ "type": "Feature", "properties": { "equipo": "LS-8b507c", "estacion": "LS", "nombre_estacion": "Laguna Sur", "linea": "Línea 5", "latitud": -33.4621633, "longitud": -70.7379067 }, "geometry": { "type": "Point", "coordinates": [ -70.7379067, -33.4621633 ] } },
{ "type": "Feature", "properties": { "equipo": "LS-966992", "estacion": "LS", "nombre_estacion": "Laguna Sur", "linea": "Línea 5", "latitud": -33.4621633, "longitud": -70.7379067 }, "geometry": { "type": "Point", "coordinates": [ -70.7379067, -33.4621633 ] } },
{ "type": "Feature", "properties": { "equipo": "LP-0861b8", "estacion": "LP", "nombre_estacion": "Las Parcelas", "linea": "Línea 5", "latitud": -33.4752719, "longitud": -70.7399789 }, "geometry": { "type": "Point", "coordinates": [ -70.7399789, -33.4752719 ] } },
{ "type": "Feature", "properties": { "equipo": "LP-0c66e4", "estacion": "LP", "nombre_estacion": "Las Parcelas", "linea": "Línea 5", "latitud": -33.4752719, "longitud": -70.7399789 }, "geometry": { "type": "Point", "coordinates": [ -70.7399789, -33.4752719 ] } },
{ "type": "Feature", "properties": { "equipo": "LP-163839", "estacion": "LP", "nombre_estacion": "Las Parcelas", "linea": "Línea 5", "latitud": -33.4752719, "longitud": -70.7399789 }, "geometry": { "type": "Point", "coordinates": [ -70.7399789, -33.4752719 ] } },
{ "type": "Feature", "properties": { "equipo": "LP-18ff21", "estacion": "LP", "nombre_estacion": "Las Parcelas", "linea": "Línea 5", "latitud": -33.4752719, "longitud": -70.7399789 }, "geometry": { "type": "Point", "coordinates": [ -70.7399789, -33.4752719 ] } },
{ "type": "Feature", "properties": { "equipo": "LP-7ae092", "estacion": "LP", "nombre_estacion": "Las Parcelas", "linea": "Línea 5", "latitud": -33.4752719, "longitud": -70.7399789 }, "geometry": { "type": "Point", "coordinates": [ -70.7399789, -33.4752719 ] } },
{ "type": "Feature", "properties": { "equipo": "LP-819532", "estacion": "LP", "nombre_estacion": "Las Parcelas", "linea": "Línea 5", "latitud": -33.4752719, "longitud": -70.7399789 }, "geometry": { "type": "Point", "coordinates": [ -70.7399789, -33.4752719 ] } },
{ "type": "Feature", "properties": { "equipo": "LP-966992", "estacion": "LP", "nombre_estacion": "Las Parcelas", "linea": "Línea 5", "latitud": -33.4752719, "longitud": -70.7399789 }, "geometry": { "type": "Point", "coordinates": [ -70.7399789, -33.4752719 ] } },
{ "type": "Feature", "properties": { "equipo": "LP-e67a34", "estacion": "LP", "nombre_estacion": "Las Parcelas", "linea": "Línea 5", "latitud": -33.4752719, "longitud": -70.7399789 }, "geometry": { "type": "Point", "coordinates": [ -70.7399789, -33.4752719 ] } },
{ "type": "Feature", "properties": { "equipo": "MT-0861b8", "estacion": "MT", "nombre_estacion": "Monte Tabor", "linea": "Línea 5", "latitud": -33.4822861, "longitud": -70.7454383 }, "geometry": { "type": "Point", "coordinates": [ -70.7454383, -33.4822861 ] } },
{ "type": "Feature", "properties": { "equipo": "MT-3cb8ae", "estacion": "MT", "nombre_estacion": "Monte Tabor", "linea": "Línea 5", "latitud": -33.4822861, "longitud": -70.7454383 }, "geometry": { "type": "Point", "coordinates": [ -70.7454383, -33.4822861 ] } },
{ "type": "Feature", "properties": { "equipo": "MT-50082c", "estacion": "MT", "nombre_estacion": "Monte Tabor", "linea": "Línea 5", "latitud": -33.4822861, "longitud": -70.7454383 }, "geometry": { "type": "Point", "coordinates": [ -70.7454383, -33.4822861 ] } },
{ "type": "Feature", "properties": { "equipo": "MT-7ae092", "estacion": "MT", "nombre_estacion": "Monte Tabor", "linea": "Línea 5", "latitud": -33.4822861, "longitud": -70.7454383 }, "geometry": { "type": "Point", "coordinates": [ -70.7454383, -33.4822861 ] } },
{ "type": "Feature", "properties": { "equipo": "MT-966992", "estacion": "MT", "nombre_estacion": "Monte Tabor", "linea": "Línea 5", "latitud": -33.4822861, "longitud": -70.7454383 }, "geometry": { "type": "Point", "coordinates": [ -70.7454383, -33.4822861 ] } },
{ "type": "Feature", "properties": { "equipo": "MT-ba7c50", "estacion": "MT", "nombre_estacion": "Monte Tabor", "linea": "Línea 5", "latitud": -33.4822861, "longitud": -70.7454383 }, "geometry": { "type": "Point", "coordinates": [ -70.7454383, -33.4822861 ] } },
{ "type": "Feature", "properties": { "equipo": "MT-e67a34", "estacion": "MT", "nombre_estacion": "Monte Tabor", "linea": "Línea 5", "latitud": -33.4822861, "longitud": -70.7454383 }, "geometry": { "type": "Point", "coordinates": [ -70.7454383, -33.4822861 ] } },
{ "type": "Feature", "properties": { "equipo": "MT-f4cba3", "estacion": "MT", "nombre_estacion": "Monte Tabor", "linea": "Línea 5", "latitud": -33.4822861, "longitud": -70.7454383 }, "geometry": { "type": "Point", "coordinates": [ -70.7454383, -33.4822861 ] } },
{ "type": "Feature", "properties": { "equipo": "DS-2c9d94", "estacion": "DS", "nombre_estacion": "Del Sol", "linea": "Línea 5", "latitud": -33.4902363, "longitud": -70.7531153 }, "geometry": { "type": "Point", "coordinates": [ -70.7531153, -33.4902363 ] } },
{ "type": "Feature", "properties": { "equipo": "DS-381a0f", "estacion": "DS", "nombre_estacion": "Del Sol", "linea": "Línea 5", "latitud": -33.4902363, "longitud": -70.7531153 }, "geometry": { "type": "Point", "coordinates": [ -70.7531153, -33.4902363 ] } },
{ "type": "Feature", "properties": { "equipo": "DS-539aaa", "estacion": "DS", "nombre_estacion": "Del Sol", "linea": "Línea 5", "latitud": -33.4902363, "longitud": -70.7531153 }, "geometry": { "type": "Point", "coordinates": [ -70.7531153, -33.4902363 ] } },
{ "type": "Feature", "properties": { "equipo": "DS-a54d5f", "estacion": "DS", "nombre_estacion": "Del Sol", "linea": "Línea 5", "latitud": -33.4902363, "longitud": -70.7531153 }, "geometry": { "type": "Point", "coordinates": [ -70.7531153, -33.4902363 ] } },
{ "type": "Feature", "properties": { "equipo": "DS-b4384e", "estacion": "DS", "nombre_estacion": "Del Sol", "linea": "Línea 5", "latitud": -33.4902363, "longitud": -70.7531153 }, "geometry": { "type": "Point", "coordinates": [ -70.7531153, -33.4902363 ] } },
{ "type": "Feature", "properties": { "equipo": "DS-dd12a7", "estacion": "DS", "nombre_estacion": "Del Sol", "linea": "Línea 5", "latitud": -33.4902363, "longitud": -70.7531153 }, "geometry": { "type": "Point", "coordinates": [ -70.7531153, -33.4902363 ] } },
{ "type": "Feature", "properties": { "equipo": "DS-e37d06", "estacion": "DS", "nombre_estacion": "Del Sol", "linea": "Línea 5", "latitud": -33.4902363, "longitud": -70.7531153 }, "geometry": { "type": "Point", "coordinates": [ -70.7531153, -33.4902363 ] } },
{ "type": "Feature", "properties": { "equipo": "DS-feb0ab", "estacion": "DS", "nombre_estacion": "Del Sol", "linea": "Línea 5", "latitud": -33.4902363, "longitud": -70.7531153 }, "geometry": { "type": "Point", "coordinates": [ -70.7531153, -33.4902363 ] } },
{ "type": "Feature", "properties": { "equipo": "SB-04785a", "estacion": "SB", "nombre_estacion": "Santiago Bueras", "linea": "Línea 5", "latitud": -33.4962414, "longitud": -70.7574349 }, "geometry": { "type": "Point", "coordinates": [ -70.7574349, -33.4962414 ] } },
{ "type": "Feature", "properties": { "equipo": "SB-052c0f", "estacion": "SB", "nombre_estacion": "Santiago Bueras", "linea": "Línea 5", "latitud": -33.4962414, "longitud": -70.7574349 }, "geometry": { "type": "Point", "coordinates": [ -70.7574349, -33.4962414 ] } },
{ "type": "Feature", "properties": { "equipo": "SB-0ad40c", "estacion": "SB", "nombre_estacion": "Santiago Bueras", "linea": "Línea 5", "latitud": -33.4962414, "longitud": -70.7574349 }, "geometry": { "type": "Point", "coordinates": [ -70.7574349, -33.4962414 ] } },
{ "type": "Feature", "properties": { "equipo": "SB-4968e3", "estacion": "SB", "nombre_estacion": "Santiago Bueras", "linea": "Línea 5", "latitud": -33.4962414, "longitud": -70.7574349 }, "geometry": { "type": "Point", "coordinates": [ -70.7574349, -33.4962414 ] } },
{ "type": "Feature", "properties": { "equipo": "SB-50ce59", "estacion": "SB", "nombre_estacion": "Santiago Bueras", "linea": "Línea 5", "latitud": -33.4962414, "longitud": -70.7574349 }, "geometry": { "type": "Point", "coordinates": [ -70.7574349, -33.4962414 ] } },
{ "type": "Feature", "properties": { "equipo": "SB-585629", "estacion": "SB", "nombre_estacion": "Santiago Bueras", "linea": "Línea 5", "latitud": -33.4962414, "longitud": -70.7574349 }, "geometry": { "type": "Point", "coordinates": [ -70.7574349, -33.4962414 ] } },
{ "type": "Feature", "properties": { "equipo": "SB-5f6f21", "estacion": "SB", "nombre_estacion": "Santiago Bueras", "linea": "Línea 5", "latitud": -33.4962414, "longitud": -70.7574349 }, "geometry": { "type": "Point", "coordinates": [ -70.7574349, -33.4962414 ] } },
{ "type": "Feature", "properties": { "equipo": "SB-84f5ad", "estacion": "SB", "nombre_estacion": "Santiago Bueras", "linea": "Línea 5", "latitud": -33.4962414, "longitud": -70.7574349 }, "geometry": { "type": "Point", "coordinates": [ -70.7574349, -33.4962414 ] } },
{ "type": "Feature", "properties": { "equipo": "SB-966992", "estacion": "SB", "nombre_estacion": "Santiago Bueras", "linea": "Línea 5", "latitud": -33.4962414, "longitud": -70.7574349 }, "geometry": { "type": "Point", "coordinates": [ -70.7574349, -33.4962414 ] } },
{ "type": "Feature", "properties": { "equipo": "SB-d44b98", "estacion": "SB", "nombre_estacion": "Santiago Bueras", "linea": "Línea 5", "latitud": -33.4962414, "longitud": -70.7574349 }, "geometry": { "type": "Point", "coordinates": [ -70.7574349, -33.4962414 ] } },
{ "type": "Feature", "properties": { "equipo": "SB-edeea5", "estacion": "SB", "nombre_estacion": "Santiago Bueras", "linea": "Línea 5", "latitud": -33.4962414, "longitud": -70.7574349 }, "geometry": { "type": "Point", "coordinates": [ -70.7574349, -33.4962414 ] } },
{ "type": "Feature", "properties": { "equipo": "PM-053089", "estacion": "PM", "nombre_estacion": "Plaza de Maipú", "linea": "Línea 5", "latitud": -33.5099332, "longitud": -70.7573092 }, "geometry": { "type": "Point", "coordinates": [ -70.7573092, -33.5099332 ] } },
{ "type": "Feature", "properties": { "equipo": "PM-417d56", "estacion": "PM", "nombre_estacion": "Plaza de Maipú", "linea": "Línea 5", "latitud": -33.5099332, "longitud": -70.7573092 }, "geometry": { "type": "Point", "coordinates": [ -70.7573092, -33.5099332 ] } },
{ "type": "Feature", "properties": { "equipo": "PM-42fd13", "estacion": "PM", "nombre_estacion": "Plaza de Maipú", "linea": "Línea 5", "latitud": -33.5099332, "longitud": -70.7573092 }, "geometry": { "type": "Point", "coordinates": [ -70.7573092, -33.5099332 ] } },
{ "type": "Feature", "properties": { "equipo": "PM-4968e3", "estacion": "PM", "nombre_estacion": "Plaza de Maipú", "linea": "Línea 5", "latitud": -33.5099332, "longitud": -70.7573092 }, "geometry": { "type": "Point", "coordinates": [ -70.7573092, -33.5099332 ] } },
{ "type": "Feature", "properties": { "equipo": "PM-50ce59", "estacion": "PM", "nombre_estacion": "Plaza de Maipú", "linea": "Línea 5", "latitud": -33.5099332, "longitud": -70.7573092 }, "geometry": { "type": "Point", "coordinates": [ -70.7573092, -33.5099332 ] } },
{ "type": "Feature", "properties": { "equipo": "PM-7b81c8", "estacion": "PM", "nombre_estacion": "Plaza de Maipú", "linea": "Línea 5", "latitud": -33.5099332, "longitud": -70.7573092 }, "geometry": { "type": "Point", "coordinates": [ -70.7573092, -33.5099332 ] } },
{ "type": "Feature", "properties": { "equipo": "PM-80f43a", "estacion": "PM", "nombre_estacion": "Plaza de Maipú", "linea": "Línea 5", "latitud": -33.5099332, "longitud": -70.7573092 }, "geometry": { "type": "Point", "coordinates": [ -70.7573092, -33.5099332 ] } },
{ "type": "Feature", "properties": { "equipo": "PM-966992", "estacion": "PM", "nombre_estacion": "Plaza de Maipú", "linea": "Línea 5", "latitud": -33.5099332, "longitud": -70.7573092 }, "geometry": { "type": "Point", "coordinates": [ -70.7573092, -33.5099332 ] } },
{ "type": "Feature", "properties": { "equipo": "PM-9ea94e", "estacion": "PM", "nombre_estacion": "Plaza de Maipú", "linea": "Línea 5", "latitud": -33.5099332, "longitud": -70.7573092 }, "geometry": { "type": "Point", "coordinates": [ -70.7573092, -33.5099332 ] } },
{ "type": "Feature", "properties": { "equipo": "PM-ab096d", "estacion": "PM", "nombre_estacion": "Plaza de Maipú", "linea": "Línea 5", "latitud": -33.5099332, "longitud": -70.7573092 }, "geometry": { "type": "Point", "coordinates": [ -70.7573092, -33.5099332 ] } },
{ "type": "Feature", "properties": { "equipo": "PM-c9011b", "estacion": "PM", "nombre_estacion": "Plaza de Maipú", "linea": "Línea 5", "latitud": -33.5099332, "longitud": -70.7573092 }, "geometry": { "type": "Point", "coordinates": [ -70.7573092, -33.5099332 ] } },
{ "type": "Feature", "properties": { "equipo": "PM-d816dc", "estacion": "PM", "nombre_estacion": "Plaza de Maipú", "linea": "Línea 5", "latitud": -33.5099332, "longitud": -70.7573092 }, "geometry": { "type": "Point", "coordinates": [ -70.7573092, -33.5099332 ] } },
{ "type": "Feature", "properties": { "equipo": "LCI-0726c6", "estacion": "LCI", "nombre_estacion": "La Cisterna", "linea": "Línea 4a", "latitud": -33.5373498, "longitud": -70.6643328 }, "geometry": { "type": "Point", "coordinates": [ -70.6643328, -33.5373498 ] } },
{ "type": "Feature", "properties": { "equipo": "LCI-0d4c07", "estacion": "LCI", "nombre_estacion": "La Cisterna", "linea": "Línea 4a", "latitud": -33.5373498, "longitud": -70.6643328 }, "geometry": { "type": "Point", "coordinates": [ -70.6643328, -33.5373498 ] } },
{ "type": "Feature", "properties": { "equipo": "LCI-130ae5", "estacion": "LCI", "nombre_estacion": "La Cisterna", "linea": "Línea 4a", "latitud": -33.5373498, "longitud": -70.6643328 }, "geometry": { "type": "Point", "coordinates": [ -70.6643328, -33.5373498 ] } },
{ "type": "Feature", "properties": { "equipo": "LCI-637cd2", "estacion": "LCI", "nombre_estacion": "La Cisterna", "linea": "Línea 4a", "latitud": -33.5373498, "longitud": -70.6643328 }, "geometry": { "type": "Point", "coordinates": [ -70.6643328, -33.5373498 ] } },
{ "type": "Feature", "properties": { "equipo": "LCI-642d31", "estacion": "LCI", "nombre_estacion": "La Cisterna", "linea": "Línea 4a", "latitud": -33.5373498, "longitud": -70.6643328 }, "geometry": { "type": "Point", "coordinates": [ -70.6643328, -33.5373498 ] } },
{ "type": "Feature", "properties": { "equipo": "LCI-6f9921", "estacion": "LCI", "nombre_estacion": "La Cisterna", "linea": "Línea 4a", "latitud": -33.5373498, "longitud": -70.6643328 }, "geometry": { "type": "Point", "coordinates": [ -70.6643328, -33.5373498 ] } },
{ "type": "Feature", "properties": { "equipo": "LCI-75d1a2", "estacion": "LCI", "nombre_estacion": "La Cisterna", "linea": "Línea 4a", "latitud": -33.5373498, "longitud": -70.6643328 }, "geometry": { "type": "Point", "coordinates": [ -70.6643328, -33.5373498 ] } },
{ "type": "Feature", "properties": { "equipo": "LCI-9894a7", "estacion": "LCI", "nombre_estacion": "La Cisterna", "linea": "Línea 4a", "latitud": -33.5373498, "longitud": -70.6643328 }, "geometry": { "type": "Point", "coordinates": [ -70.6643328, -33.5373498 ] } },
{ "type": "Feature", "properties": { "equipo": "LCI-9fa0af", "estacion": "LCI", "nombre_estacion": "La Cisterna", "linea": "Línea 4a", "latitud": -33.5373498, "longitud": -70.6643328 }, "geometry": { "type": "Point", "coordinates": [ -70.6643328, -33.5373498 ] } },
{ "type": "Feature", "properties": { "equipo": "LCI-adf56a", "estacion": "LCI", "nombre_estacion": "La Cisterna", "linea": "Línea 4a", "latitud": -33.5373498, "longitud": -70.6643328 }, "geometry": { "type": "Point", "coordinates": [ -70.6643328, -33.5373498 ] } },
{ "type": "Feature", "properties": { "equipo": "LCI-c6ffed", "estacion": "LCI", "nombre_estacion": "La Cisterna", "linea": "Línea 4a", "latitud": -33.5373498, "longitud": -70.6643328 }, "geometry": { "type": "Point", "coordinates": [ -70.6643328, -33.5373498 ] } },
{ "type": "Feature", "properties": { "equipo": "LCI-cac887", "estacion": "LCI", "nombre_estacion": "La Cisterna", "linea": "Línea 4a", "latitud": -33.5373498, "longitud": -70.6643328 }, "geometry": { "type": "Point", "coordinates": [ -70.6643328, -33.5373498 ] } },
{ "type": "Feature", "properties": { "equipo": "LCI-e258aa", "estacion": "LCI", "nombre_estacion": "La Cisterna", "linea": "Línea 4a", "latitud": -33.5373498, "longitud": -70.6643328 }, "geometry": { "type": "Point", "coordinates": [ -70.6643328, -33.5373498 ] } },
{ "type": "Feature", "properties": { "equipo": "SRA-6de219", "estacion": "SRA", "nombre_estacion": "San Ramón", "linea": "Línea 4a", "latitud": -33.5412286, "longitud": -70.6431272 }, "geometry": { "type": "Point", "coordinates": [ -70.6431272, -33.5412286 ] } },
{ "type": "Feature", "properties": { "equipo": "SRA-de34c2", "estacion": "SRA", "nombre_estacion": "San Ramón", "linea": "Línea 4a", "latitud": -33.5412286, "longitud": -70.6431272 }, "geometry": { "type": "Point", "coordinates": [ -70.6431272, -33.5412286 ] } },
{ "type": "Feature", "properties": { "equipo": "SRA-e97d84", "estacion": "SRA", "nombre_estacion": "San Ramón", "linea": "Línea 4a", "latitud": -33.5412286, "longitud": -70.6431272 }, "geometry": { "type": "Point", "coordinates": [ -70.6431272, -33.5412286 ] } },
{ "type": "Feature", "properties": { "equipo": "SRA-f71344", "estacion": "SRA", "nombre_estacion": "San Ramón", "linea": "Línea 4a", "latitud": -33.5412286, "longitud": -70.6431272 }, "geometry": { "type": "Point", "coordinates": [ -70.6431272, -33.5412286 ] } },
{ "type": "Feature", "properties": { "equipo": "SRO-0e34ce", "estacion": "SRO", "nombre_estacion": "Santa Rosa", "linea": "Línea 4a", "latitud": -33.5423878, "longitud": -70.6341267 }, "geometry": { "type": "Point", "coordinates": [ -70.6341267, -33.5423878 ] } },
{ "type": "Feature", "properties": { "equipo": "SRO-6de219", "estacion": "SRO", "nombre_estacion": "Santa Rosa", "linea": "Línea 4a", "latitud": -33.5423878, "longitud": -70.6341267 }, "geometry": { "type": "Point", "coordinates": [ -70.6341267, -33.5423878 ] } },
{ "type": "Feature", "properties": { "equipo": "SRO-974fc6", "estacion": "SRO", "nombre_estacion": "Santa Rosa", "linea": "Línea 4a", "latitud": -33.5423878, "longitud": -70.6341267 }, "geometry": { "type": "Point", "coordinates": [ -70.6341267, -33.5423878 ] } },
{ "type": "Feature", "properties": { "equipo": "SRO-aff3f6", "estacion": "SRO", "nombre_estacion": "Santa Rosa", "linea": "Línea 4a", "latitud": -33.5423878, "longitud": -70.6341267 }, "geometry": { "type": "Point", "coordinates": [ -70.6341267, -33.5423878 ] } },
{ "type": "Feature", "properties": { "equipo": "SRO-de34c2", "estacion": "SRO", "nombre_estacion": "Santa Rosa", "linea": "Línea 4a", "latitud": -33.5423878, "longitud": -70.6341267 }, "geometry": { "type": "Point", "coordinates": [ -70.6341267, -33.5423878 ] } },
{ "type": "Feature", "properties": { "equipo": "SRO-e66367", "estacion": "SRO", "nombre_estacion": "Santa Rosa", "linea": "Línea 4a", "latitud": -33.5423878, "longitud": -70.6341267 }, "geometry": { "type": "Point", "coordinates": [ -70.6341267, -33.5423878 ] } },
{ "type": "Feature", "properties": { "equipo": "LGR-1a2ac2", "estacion": "LGR", "nombre_estacion": "La Granja", "linea": "Línea 4a", "latitud": -33.5411298, "longitud": -70.616047 }, "geometry": { "type": "Point", "coordinates": [ -70.616047, -33.5411298 ] } },
{ "type": "Feature", "properties": { "equipo": "LGR-6de219", "estacion": "LGR", "nombre_estacion": "La Granja", "linea": "Línea 4a", "latitud": -33.5411298, "longitud": -70.616047 }, "geometry": { "type": "Point", "coordinates": [ -70.616047, -33.5411298 ] } },
{ "type": "Feature", "properties": { "equipo": "LGR-7c2f19", "estacion": "LGR", "nombre_estacion": "La Granja", "linea": "Línea 4a", "latitud": -33.5411298, "longitud": -70.616047 }, "geometry": { "type": "Point", "coordinates": [ -70.616047, -33.5411298 ] } },
{ "type": "Feature", "properties": { "equipo": "LGR-de34c2", "estacion": "LGR", "nombre_estacion": "La Granja", "linea": "Línea 4a", "latitud": -33.5411298, "longitud": -70.616047 }, "geometry": { "type": "Point", "coordinates": [ -70.616047, -33.5411298 ] } },
{ "type": "Feature", "properties": { "equipo": "SJU-6de219", "estacion": "SJU", "nombre_estacion": "Santa Julia", "linea": "Línea 4a", "latitud": -33.5311022, "longitud": -70.6055361 }, "geometry": { "type": "Point", "coordinates": [ -70.6055361, -33.5311022 ] } },
{ "type": "Feature", "properties": { "equipo": "SJU-839fa5", "estacion": "SJU", "nombre_estacion": "Santa Julia", "linea": "Línea 4a", "latitud": -33.5311022, "longitud": -70.6055361 }, "geometry": { "type": "Point", "coordinates": [ -70.6055361, -33.5311022 ] } },
{ "type": "Feature", "properties": { "equipo": "SJU-c795f0", "estacion": "SJU", "nombre_estacion": "Santa Julia", "linea": "Línea 4a", "latitud": -33.5311022, "longitud": -70.6055361 }, "geometry": { "type": "Point", "coordinates": [ -70.6055361, -33.5311022 ] } },
{ "type": "Feature", "properties": { "equipo": "SJU-de34c2", "estacion": "SJU", "nombre_estacion": "Santa Julia", "linea": "Línea 4a", "latitud": -33.5311022, "longitud": -70.6055361 }, "geometry": { "type": "Point", "coordinates": [ -70.6055361, -33.5311022 ] } },
{ "type": "Feature", "properties": { "equipo": "VIM-5ebfa3", "estacion": "VIM", "nombre_estacion": "Vicuña Mackenna", "linea": "Línea 4a", "latitud": -33.5197638, "longitud": -70.5962095 }, "geometry": { "type": "Point", "coordinates": [ -70.5962095, -33.5197638 ] } },
{ "type": "Feature", "properties": { "equipo": "VIM-658b39", "estacion": "VIM", "nombre_estacion": "Vicuña Mackenna", "linea": "Línea 4a", "latitud": -33.5197638, "longitud": -70.5962095 }, "geometry": { "type": "Point", "coordinates": [ -70.5962095, -33.5197638 ] } },
{ "type": "Feature", "properties": { "equipo": "LME-0f404f", "estacion": "LME", "nombre_estacion": "Las Mercedes", "linea": "Línea 4", "latitud": -33.6013816, "longitud": -70.5774783 }, "geometry": { "type": "Point", "coordinates": [ -70.5774783, -33.6013816 ] } },
{ "type": "Feature", "properties": { "equipo": "LME-3e91eb", "estacion": "LME", "nombre_estacion": "Las Mercedes", "linea": "Línea 4", "latitud": -33.6013816, "longitud": -70.5774783 }, "geometry": { "type": "Point", "coordinates": [ -70.5774783, -33.6013816 ] } },
{ "type": "Feature", "properties": { "equipo": "LME-981867", "estacion": "LME", "nombre_estacion": "Las Mercedes", "linea": "Línea 4", "latitud": -33.6013816, "longitud": -70.5774783 }, "geometry": { "type": "Point", "coordinates": [ -70.5774783, -33.6013816 ] } },
{ "type": "Feature", "properties": { "equipo": "LME-abbffa", "estacion": "LME", "nombre_estacion": "Las Mercedes", "linea": "Línea 4", "latitud": -33.6013816, "longitud": -70.5774783 }, "geometry": { "type": "Point", "coordinates": [ -70.5774783, -33.6013816 ] } },
{ "type": "Feature", "properties": { "equipo": "LME-f16b4d", "estacion": "LME", "nombre_estacion": "Las Mercedes", "linea": "Línea 4", "latitud": -33.6013816, "longitud": -70.5774783 }, "geometry": { "type": "Point", "coordinates": [ -70.5774783, -33.6013816 ] } },
{ "type": "Feature", "properties": { "equipo": "LME-f533cd", "estacion": "LME", "nombre_estacion": "Las Mercedes", "linea": "Línea 4", "latitud": -33.6013816, "longitud": -70.5774783 }, "geometry": { "type": "Point", "coordinates": [ -70.5774783, -33.6013816 ] } },
{ "type": "Feature", "properties": { "equipo": "PPA-05d558", "estacion": "PPA", "nombre_estacion": "Plaza de Puente Alto", "linea": "Línea 4", "latitud": -33.6095235, "longitud": -70.5758419 }, "geometry": { "type": "Point", "coordinates": [ -70.5758419, -33.6095235 ] } },
{ "type": "Feature", "properties": { "equipo": "PPA-06fb06", "estacion": "PPA", "nombre_estacion": "Plaza de Puente Alto", "linea": "Línea 4", "latitud": -33.6095235, "longitud": -70.5758419 }, "geometry": { "type": "Point", "coordinates": [ -70.5758419, -33.6095235 ] } },
{ "type": "Feature", "properties": { "equipo": "PPA-0f404f", "estacion": "PPA", "nombre_estacion": "Plaza de Puente Alto", "linea": "Línea 4", "latitud": -33.6095235, "longitud": -70.5758419 }, "geometry": { "type": "Point", "coordinates": [ -70.5758419, -33.6095235 ] } },
{ "type": "Feature", "properties": { "equipo": "PPA-31ea8e", "estacion": "PPA", "nombre_estacion": "Plaza de Puente Alto", "linea": "Línea 4", "latitud": -33.6095235, "longitud": -70.5758419 }, "geometry": { "type": "Point", "coordinates": [ -70.5758419, -33.6095235 ] } },
{ "type": "Feature", "properties": { "equipo": "PPA-3e91eb", "estacion": "PPA", "nombre_estacion": "Plaza de Puente Alto", "linea": "Línea 4", "latitud": -33.6095235, "longitud": -70.5758419 }, "geometry": { "type": "Point", "coordinates": [ -70.5758419, -33.6095235 ] } },
{ "type": "Feature", "properties": { "equipo": "PPA-7fcf58", "estacion": "PPA", "nombre_estacion": "Plaza de Puente Alto", "linea": "Línea 4", "latitud": -33.6095235, "longitud": -70.5758419 }, "geometry": { "type": "Point", "coordinates": [ -70.5758419, -33.6095235 ] } },
{ "type": "Feature", "properties": { "equipo": "PPA-844133", "estacion": "PPA", "nombre_estacion": "Plaza de Puente Alto", "linea": "Línea 4", "latitud": -33.6095235, "longitud": -70.5758419 }, "geometry": { "type": "Point", "coordinates": [ -70.5758419, -33.6095235 ] } },
{ "type": "Feature", "properties": { "equipo": "PPA-9b33c0", "estacion": "PPA", "nombre_estacion": "Plaza de Puente Alto", "linea": "Línea 4", "latitud": -33.6095235, "longitud": -70.5758419 }, "geometry": { "type": "Point", "coordinates": [ -70.5758419, -33.6095235 ] } },
{ "type": "Feature", "properties": { "equipo": "PIN-0f404f", "estacion": "PIN", "nombre_estacion": "Protectora de la Infancia", "linea": "Línea 4", "latitud": -33.5895738, "longitud": -70.579833 }, "geometry": { "type": "Point", "coordinates": [ -70.579833, -33.5895738 ] } },
{ "type": "Feature", "properties": { "equipo": "PIN-3e91eb", "estacion": "PIN", "nombre_estacion": "Protectora de la Infancia", "linea": "Línea 4", "latitud": -33.5895738, "longitud": -70.579833 }, "geometry": { "type": "Point", "coordinates": [ -70.579833, -33.5895738 ] } },
{ "type": "Feature", "properties": { "equipo": "PIN-9d3f96", "estacion": "PIN", "nombre_estacion": "Protectora de la Infancia", "linea": "Línea 4", "latitud": -33.5895738, "longitud": -70.579833 }, "geometry": { "type": "Point", "coordinates": [ -70.579833, -33.5895738 ] } },
{ "type": "Feature", "properties": { "equipo": "HSR-0f404f", "estacion": "HSR", "nombre_estacion": "Hospital Sótero del Río", "linea": "Línea 4", "latitud": -33.5768981, "longitud": -70.582317 }, "geometry": { "type": "Point", "coordinates": [ -70.582317, -33.5768981 ] } },
{ "type": "Feature", "properties": { "equipo": "HSR-3a0123", "estacion": "HSR", "nombre_estacion": "Hospital Sótero del Río", "linea": "Línea 4", "latitud": -33.5768981, "longitud": -70.582317 }, "geometry": { "type": "Point", "coordinates": [ -70.582317, -33.5768981 ] } },
{ "type": "Feature", "properties": { "equipo": "HSR-3c6f8e", "estacion": "HSR", "nombre_estacion": "Hospital Sótero del Río", "linea": "Línea 4", "latitud": -33.5768981, "longitud": -70.582317 }, "geometry": { "type": "Point", "coordinates": [ -70.582317, -33.5768981 ] } },
{ "type": "Feature", "properties": { "equipo": "HSR-3e91eb", "estacion": "HSR", "nombre_estacion": "Hospital Sótero del Río", "linea": "Línea 4", "latitud": -33.5768981, "longitud": -70.582317 }, "geometry": { "type": "Point", "coordinates": [ -70.582317, -33.5768981 ] } },
{ "type": "Feature", "properties": { "equipo": "HSR-901c78", "estacion": "HSR", "nombre_estacion": "Hospital Sótero del Río", "linea": "Línea 4", "latitud": -33.5768981, "longitud": -70.582317 }, "geometry": { "type": "Point", "coordinates": [ -70.582317, -33.5768981 ] } },
{ "type": "Feature", "properties": { "equipo": "HSR-c45972", "estacion": "HSR", "nombre_estacion": "Hospital Sótero del Río", "linea": "Línea 4", "latitud": -33.5768981, "longitud": -70.582317 }, "geometry": { "type": "Point", "coordinates": [ -70.582317, -33.5768981 ] } },
{ "type": "Feature", "properties": { "equipo": "HSR-ee3566", "estacion": "HSR", "nombre_estacion": "Hospital Sótero del Río", "linea": "Línea 4", "latitud": -33.5768981, "longitud": -70.582317 }, "geometry": { "type": "Point", "coordinates": [ -70.582317, -33.5768981 ] } },
{ "type": "Feature", "properties": { "equipo": "HSR-ef648d", "estacion": "HSR", "nombre_estacion": "Hospital Sótero del Río", "linea": "Línea 4", "latitud": -33.5768981, "longitud": -70.582317 }, "geometry": { "type": "Point", "coordinates": [ -70.582317, -33.5768981 ] } },
{ "type": "Feature", "properties": { "equipo": "ECO-0f404f", "estacion": "ECO", "nombre_estacion": "Elisa Correa", "linea": "Línea 4", "latitud": -33.5692937, "longitud": -70.5838076 }, "geometry": { "type": "Point", "coordinates": [ -70.5838076, -33.5692937 ] } },
{ "type": "Feature", "properties": { "equipo": "ECO-3e91eb", "estacion": "ECO", "nombre_estacion": "Elisa Correa", "linea": "Línea 4", "latitud": -33.5692937, "longitud": -70.5838076 }, "geometry": { "type": "Point", "coordinates": [ -70.5838076, -33.5692937 ] } },
{ "type": "Feature", "properties": { "equipo": "ECO-f8cc7a", "estacion": "ECO", "nombre_estacion": "Elisa Correa", "linea": "Línea 4", "latitud": -33.5692937, "longitud": -70.5838076 }, "geometry": { "type": "Point", "coordinates": [ -70.5838076, -33.5692937 ] } },
{ "type": "Feature", "properties": { "equipo": "LQU-0f404f", "estacion": "LQU", "nombre_estacion": "Los Quillayes", "linea": "Línea 4", "latitud": -33.5612253, "longitud": -70.5852697 }, "geometry": { "type": "Point", "coordinates": [ -70.5852697, -33.5612253 ] } },
{ "type": "Feature", "properties": { "equipo": "LQU-3e91eb", "estacion": "LQU", "nombre_estacion": "Los Quillayes", "linea": "Línea 4", "latitud": -33.5612253, "longitud": -70.5852697 }, "geometry": { "type": "Point", "coordinates": [ -70.5852697, -33.5612253 ] } },
{ "type": "Feature", "properties": { "equipo": "LQU-99648a", "estacion": "LQU", "nombre_estacion": "Los Quillayes", "linea": "Línea 4", "latitud": -33.5612253, "longitud": -70.5852697 }, "geometry": { "type": "Point", "coordinates": [ -70.5852697, -33.5612253 ] } },
{ "type": "Feature", "properties": { "equipo": "SJE-0f404f", "estacion": "SJE", "nombre_estacion": "San José de la Estrella", "linea": "Línea 4", "latitud": -33.5538213, "longitud": -70.5865567 }, "geometry": { "type": "Point", "coordinates": [ -70.5865567, -33.5538213 ] } },
{ "type": "Feature", "properties": { "equipo": "SJE-3e91eb", "estacion": "SJE", "nombre_estacion": "San José de la Estrella", "linea": "Línea 4", "latitud": -33.5538213, "longitud": -70.5865567 }, "geometry": { "type": "Point", "coordinates": [ -70.5865567, -33.5538213 ] } },
{ "type": "Feature", "properties": { "equipo": "SJE-b0618b", "estacion": "SJE", "nombre_estacion": "San José de la Estrella", "linea": "Línea 4", "latitud": -33.5538213, "longitud": -70.5865567 }, "geometry": { "type": "Point", "coordinates": [ -70.5865567, -33.5538213 ] } },
{ "type": "Feature", "properties": { "equipo": "TRI-0f404f", "estacion": "TRI", "nombre_estacion": "Trinidad", "linea": "Línea 4", "latitud": -33.5462943, "longitud": -70.5881027 }, "geometry": { "type": "Point", "coordinates": [ -70.5881027, -33.5462943 ] } },
{ "type": "Feature", "properties": { "equipo": "TRI-3e91eb", "estacion": "TRI", "nombre_estacion": "Trinidad", "linea": "Línea 4", "latitud": -33.5462943, "longitud": -70.5881027 }, "geometry": { "type": "Point", "coordinates": [ -70.5881027, -33.5462943 ] } },
{ "type": "Feature", "properties": { "equipo": "TRI-ea8e93", "estacion": "TRI", "nombre_estacion": "Trinidad", "linea": "Línea 4", "latitud": -33.5462943, "longitud": -70.5881027 }, "geometry": { "type": "Point", "coordinates": [ -70.5881027, -33.5462943 ] } },
{ "type": "Feature", "properties": { "equipo": "RMA-0f404f", "estacion": "RMA", "nombre_estacion": "Rojas Magallanes", "linea": "Línea 4", "latitud": -33.5361069, "longitud": -70.5926966 }, "geometry": { "type": "Point", "coordinates": [ -70.5926966, -33.5361069 ] } },
{ "type": "Feature", "properties": { "equipo": "RMA-3e91eb", "estacion": "RMA", "nombre_estacion": "Rojas Magallanes", "linea": "Línea 4", "latitud": -33.5361069, "longitud": -70.5926966 }, "geometry": { "type": "Point", "coordinates": [ -70.5926966, -33.5361069 ] } },
{ "type": "Feature", "properties": { "equipo": "RMA-8da8eb", "estacion": "RMA", "nombre_estacion": "Rojas Magallanes", "linea": "Línea 4", "latitud": -33.5361069, "longitud": -70.5926966 }, "geometry": { "type": "Point", "coordinates": [ -70.5926966, -33.5361069 ] } },
{ "type": "Feature", "properties": { "equipo": "VMA-29ae2e", "estacion": "VMA", "nombre_estacion": "Vicuña Mackenna", "linea": "Línea 4", "latitud": -33.5197638, "longitud": -70.5962095 }, "geometry": { "type": "Point", "coordinates": [ -70.5962095, -33.5197638 ] } },
{ "type": "Feature", "properties": { "equipo": "VMA-5ebfa3", "estacion": "VMA", "nombre_estacion": "Vicuña Mackenna", "linea": "Línea 4", "latitud": -33.5197638, "longitud": -70.5962095 }, "geometry": { "type": "Point", "coordinates": [ -70.5962095, -33.5197638 ] } },
{ "type": "Feature", "properties": { "equipo": "VMA-658b39", "estacion": "VMA", "nombre_estacion": "Vicuña Mackenna", "linea": "Línea 4", "latitud": -33.5197638, "longitud": -70.5962095 }, "geometry": { "type": "Point", "coordinates": [ -70.5962095, -33.5197638 ] } },
{ "type": "Feature", "properties": { "equipo": "VMA-88ea30", "estacion": "VMA", "nombre_estacion": "Vicuña Mackenna", "linea": "Línea 4", "latitud": -33.5197638, "longitud": -70.5962095 }, "geometry": { "type": "Point", "coordinates": [ -70.5962095, -33.5197638 ] } },
{ "type": "Feature", "properties": { "equipo": "VMA-c9bb67", "estacion": "VMA", "nombre_estacion": "Vicuña Mackenna", "linea": "Línea 4", "latitud": -33.5197638, "longitud": -70.5962095 }, "geometry": { "type": "Point", "coordinates": [ -70.5962095, -33.5197638 ] } },
{ "type": "Feature", "properties": { "equipo": "VMA-e25932", "estacion": "VMA", "nombre_estacion": "Vicuña Mackenna", "linea": "Línea 4", "latitud": -33.5197638, "longitud": -70.5962095 }, "geometry": { "type": "Point", "coordinates": [ -70.5962095, -33.5197638 ] } },
{ "type": "Feature", "properties": { "equipo": "VVA-34388a", "estacion": "VVA", "nombre_estacion": "Vicente Valdés", "linea": "Línea 4", "latitud": -33.5264186, "longitud": -70.5967924 }, "geometry": { "type": "Point", "coordinates": [ -70.5967924, -33.5264186 ] } },
{ "type": "Feature", "properties": { "equipo": "VVA-3a5dcb", "estacion": "VVA", "nombre_estacion": "Vicente Valdés", "linea": "Línea 4", "latitud": -33.5264186, "longitud": -70.5967924 }, "geometry": { "type": "Point", "coordinates": [ -70.5967924, -33.5264186 ] } },
{ "type": "Feature", "properties": { "equipo": "VVA-453679", "estacion": "VVA", "nombre_estacion": "Vicente Valdés", "linea": "Línea 4", "latitud": -33.5264186, "longitud": -70.5967924 }, "geometry": { "type": "Point", "coordinates": [ -70.5967924, -33.5264186 ] } },
{ "type": "Feature", "properties": { "equipo": "VVA-508d33", "estacion": "VVA", "nombre_estacion": "Vicente Valdés", "linea": "Línea 4", "latitud": -33.5264186, "longitud": -70.5967924 }, "geometry": { "type": "Point", "coordinates": [ -70.5967924, -33.5264186 ] } },
{ "type": "Feature", "properties": { "equipo": "VVA-59e0df", "estacion": "VVA", "nombre_estacion": "Vicente Valdés", "linea": "Línea 4", "latitud": -33.5264186, "longitud": -70.5967924 }, "geometry": { "type": "Point", "coordinates": [ -70.5967924, -33.5264186 ] } },
{ "type": "Feature", "properties": { "equipo": "VVA-64a429", "estacion": "VVA", "nombre_estacion": "Vicente Valdés", "linea": "Línea 4", "latitud": -33.5264186, "longitud": -70.5967924 }, "geometry": { "type": "Point", "coordinates": [ -70.5967924, -33.5264186 ] } },
{ "type": "Feature", "properties": { "equipo": "VVA-6e9f35", "estacion": "VVA", "nombre_estacion": "Vicente Valdés", "linea": "Línea 4", "latitud": -33.5264186, "longitud": -70.5967924 }, "geometry": { "type": "Point", "coordinates": [ -70.5967924, -33.5264186 ] } },
{ "type": "Feature", "properties": { "equipo": "VVA-7e2c9c", "estacion": "VVA", "nombre_estacion": "Vicente Valdés", "linea": "Línea 4", "latitud": -33.5264186, "longitud": -70.5967924 }, "geometry": { "type": "Point", "coordinates": [ -70.5967924, -33.5264186 ] } },
{ "type": "Feature", "properties": { "equipo": "VVA-8aa377", "estacion": "VVA", "nombre_estacion": "Vicente Valdés", "linea": "Línea 4", "latitud": -33.5264186, "longitud": -70.5967924 }, "geometry": { "type": "Point", "coordinates": [ -70.5967924, -33.5264186 ] } },
{ "type": "Feature", "properties": { "equipo": "VVA-a6d908", "estacion": "VVA", "nombre_estacion": "Vicente Valdés", "linea": "Línea 4", "latitud": -33.5264186, "longitud": -70.5967924 }, "geometry": { "type": "Point", "coordinates": [ -70.5967924, -33.5264186 ] } },
{ "type": "Feature", "properties": { "equipo": "VVA-b3cf5e", "estacion": "VVA", "nombre_estacion": "Vicente Valdés", "linea": "Línea 4", "latitud": -33.5264186, "longitud": -70.5967924 }, "geometry": { "type": "Point", "coordinates": [ -70.5967924, -33.5264186 ] } },
{ "type": "Feature", "properties": { "equipo": "VVA-d6fbb3", "estacion": "VVA", "nombre_estacion": "Vicente Valdés", "linea": "Línea 4", "latitud": -33.5264186, "longitud": -70.5967924 }, "geometry": { "type": "Point", "coordinates": [ -70.5967924, -33.5264186 ] } },
{ "type": "Feature", "properties": { "equipo": "VVA-e7869d", "estacion": "VVA", "nombre_estacion": "Vicente Valdés", "linea": "Línea 4", "latitud": -33.5264186, "longitud": -70.5967924 }, "geometry": { "type": "Point", "coordinates": [ -70.5967924, -33.5264186 ] } },
{ "type": "Feature", "properties": { "equipo": "VVA-f89d0f", "estacion": "VVA", "nombre_estacion": "Vicente Valdés", "linea": "Línea 4", "latitud": -33.5264186, "longitud": -70.5967924 }, "geometry": { "type": "Point", "coordinates": [ -70.5967924, -33.5264186 ] } },
{ "type": "Feature", "properties": { "equipo": "MAC-2e1631", "estacion": "MAC", "nombre_estacion": "Macul", "linea": "Línea 4", "latitud": -33.5092379, "longitud": -70.5900473 }, "geometry": { "type": "Point", "coordinates": [ -70.5900473, -33.5092379 ] } },
{ "type": "Feature", "properties": { "equipo": "MAC-65289d", "estacion": "MAC", "nombre_estacion": "Macul", "linea": "Línea 4", "latitud": -33.5092379, "longitud": -70.5900473 }, "geometry": { "type": "Point", "coordinates": [ -70.5900473, -33.5092379 ] } },
{ "type": "Feature", "properties": { "equipo": "MAC-654c73", "estacion": "MAC", "nombre_estacion": "Macul", "linea": "Línea 4", "latitud": -33.5092379, "longitud": -70.5900473 }, "geometry": { "type": "Point", "coordinates": [ -70.5900473, -33.5092379 ] } },
{ "type": "Feature", "properties": { "equipo": "MAC-66c5c9", "estacion": "MAC", "nombre_estacion": "Macul", "linea": "Línea 4", "latitud": -33.5092379, "longitud": -70.5900473 }, "geometry": { "type": "Point", "coordinates": [ -70.5900473, -33.5092379 ] } },
{ "type": "Feature", "properties": { "equipo": "MAC-7b5156", "estacion": "MAC", "nombre_estacion": "Macul", "linea": "Línea 4", "latitud": -33.5092379, "longitud": -70.5900473 }, "geometry": { "type": "Point", "coordinates": [ -70.5900473, -33.5092379 ] } },
{ "type": "Feature", "properties": { "equipo": "MAC-9b0ee0", "estacion": "MAC", "nombre_estacion": "Macul", "linea": "Línea 4", "latitud": -33.5092379, "longitud": -70.5900473 }, "geometry": { "type": "Point", "coordinates": [ -70.5900473, -33.5092379 ] } },
{ "type": "Feature", "properties": { "equipo": "MAC-a14e1c", "estacion": "MAC", "nombre_estacion": "Macul", "linea": "Línea 4", "latitud": -33.5092379, "longitud": -70.5900473 }, "geometry": { "type": "Point", "coordinates": [ -70.5900473, -33.5092379 ] } },
{ "type": "Feature", "properties": { "equipo": "MAC-e25f10", "estacion": "MAC", "nombre_estacion": "Macul", "linea": "Línea 4", "latitud": -33.5092379, "longitud": -70.5900473 }, "geometry": { "type": "Point", "coordinates": [ -70.5900473, -33.5092379 ] } },
{ "type": "Feature", "properties": { "equipo": "LTO-0cb9ac", "estacion": "LTO", "nombre_estacion": "Las Torres", "linea": "Línea 4", "latitud": -33.499108, "longitud": -70.5865459 }, "geometry": { "type": "Point", "coordinates": [ -70.5865459, -33.499108 ] } },
{ "type": "Feature", "properties": { "equipo": "LTO-0f404f", "estacion": "LTO", "nombre_estacion": "Las Torres", "linea": "Línea 4", "latitud": -33.499108, "longitud": -70.5865459 }, "geometry": { "type": "Point", "coordinates": [ -70.5865459, -33.499108 ] } },
{ "type": "Feature", "properties": { "equipo": "LTO-3e91eb", "estacion": "LTO", "nombre_estacion": "Las Torres", "linea": "Línea 4", "latitud": -33.499108, "longitud": -70.5865459 }, "geometry": { "type": "Point", "coordinates": [ -70.5865459, -33.499108 ] } },
{ "type": "Feature", "properties": { "equipo": "LTO-ca63c9", "estacion": "LTO", "nombre_estacion": "Las Torres", "linea": "Línea 4", "latitud": -33.499108, "longitud": -70.5865459 }, "geometry": { "type": "Point", "coordinates": [ -70.5865459, -33.499108 ] } },
{ "type": "Feature", "properties": { "equipo": "RQU-24c895", "estacion": "RQU", "nombre_estacion": "Quilín", "linea": "Línea 4", "latitud": -33.4882637, "longitud": -70.5804178 }, "geometry": { "type": "Point", "coordinates": [ -70.5804178, -33.4882637 ] } },
{ "type": "Feature", "properties": { "equipo": "RQU-2e1143", "estacion": "RQU", "nombre_estacion": "Quilín", "linea": "Línea 4", "latitud": -33.4882637, "longitud": -70.5804178 }, "geometry": { "type": "Point", "coordinates": [ -70.5804178, -33.4882637 ] } },
{ "type": "Feature", "properties": { "equipo": "RQU-d508b5", "estacion": "RQU", "nombre_estacion": "Quilín", "linea": "Línea 4", "latitud": -33.4882637, "longitud": -70.5804178 }, "geometry": { "type": "Point", "coordinates": [ -70.5804178, -33.4882637 ] } },
{ "type": "Feature", "properties": { "equipo": "RQU-ee8ba5", "estacion": "RQU", "nombre_estacion": "Quilín", "linea": "Línea 4", "latitud": -33.4882637, "longitud": -70.5804178 }, "geometry": { "type": "Point", "coordinates": [ -70.5804178, -33.4882637 ] } },
{ "type": "Feature", "properties": { "equipo": "RQU-effb6d", "estacion": "RQU", "nombre_estacion": "Quilín", "linea": "Línea 4", "latitud": -33.4882637, "longitud": -70.5804178 }, "geometry": { "type": "Point", "coordinates": [ -70.5804178, -33.4882637 ] } },
{ "type": "Feature", "properties": { "equipo": "LPR-0f404f", "estacion": "LPR", "nombre_estacion": "Los Presidentes", "linea": "Línea 4", "latitud": -33.479837, "longitud": -70.5786662 }, "geometry": { "type": "Point", "coordinates": [ -70.5786662, -33.479837 ] } },
{ "type": "Feature", "properties": { "equipo": "LPR-3e91eb", "estacion": "LPR", "nombre_estacion": "Los Presidentes", "linea": "Línea 4", "latitud": -33.479837, "longitud": -70.5786662 }, "geometry": { "type": "Point", "coordinates": [ -70.5786662, -33.479837 ] } },
{ "type": "Feature", "properties": { "equipo": "LPR-787e9e", "estacion": "LPR", "nombre_estacion": "Los Presidentes", "linea": "Línea 4", "latitud": -33.479837, "longitud": -70.5786662 }, "geometry": { "type": "Point", "coordinates": [ -70.5786662, -33.479837 ] } },
{ "type": "Feature", "properties": { "equipo": "LPR-b789cb", "estacion": "LPR", "nombre_estacion": "Los Presidentes", "linea": "Línea 4", "latitud": -33.479837, "longitud": -70.5786662 }, "geometry": { "type": "Point", "coordinates": [ -70.5786662, -33.479837 ] } },
{ "type": "Feature", "properties": { "equipo": "RGR-0dcbd5", "estacion": "RGR", "nombre_estacion": "Grecia", "linea": "Línea 4", "latitud": -33.4695344, "longitud": -70.5765034 }, "geometry": { "type": "Point", "coordinates": [ -70.5765034, -33.4695344 ] } },
{ "type": "Feature", "properties": { "equipo": "RGR-0e746e", "estacion": "RGR", "nombre_estacion": "Grecia", "linea": "Línea 4", "latitud": -33.4695344, "longitud": -70.5765034 }, "geometry": { "type": "Point", "coordinates": [ -70.5765034, -33.4695344 ] } },
{ "type": "Feature", "properties": { "equipo": "RGR-0f404f", "estacion": "RGR", "nombre_estacion": "Grecia", "linea": "Línea 4", "latitud": -33.4695344, "longitud": -70.5765034 }, "geometry": { "type": "Point", "coordinates": [ -70.5765034, -33.4695344 ] } },
{ "type": "Feature", "properties": { "equipo": "RGR-1ad971", "estacion": "RGR", "nombre_estacion": "Grecia", "linea": "Línea 4", "latitud": -33.4695344, "longitud": -70.5765034 }, "geometry": { "type": "Point", "coordinates": [ -70.5765034, -33.4695344 ] } },
{ "type": "Feature", "properties": { "equipo": "RGR-3e91eb", "estacion": "RGR", "nombre_estacion": "Grecia", "linea": "Línea 4", "latitud": -33.4695344, "longitud": -70.5765034 }, "geometry": { "type": "Point", "coordinates": [ -70.5765034, -33.4695344 ] } },
{ "type": "Feature", "properties": { "equipo": "RGR-b76593", "estacion": "RGR", "nombre_estacion": "Grecia", "linea": "Línea 4", "latitud": -33.4695344, "longitud": -70.5765034 }, "geometry": { "type": "Point", "coordinates": [ -70.5765034, -33.4695344 ] } },
{ "type": "Feature", "properties": { "equipo": "LOR-0f404f", "estacion": "LOR", "nombre_estacion": "Los Orientales", "linea": "Línea 4", "latitud": -33.4626181, "longitud": -70.5739242 }, "geometry": { "type": "Point", "coordinates": [ -70.5739242, -33.4626181 ] } },
{ "type": "Feature", "properties": { "equipo": "LOR-14629c", "estacion": "LOR", "nombre_estacion": "Los Orientales", "linea": "Línea 4", "latitud": -33.4626181, "longitud": -70.5739242 }, "geometry": { "type": "Point", "coordinates": [ -70.5739242, -33.4626181 ] } },
{ "type": "Feature", "properties": { "equipo": "LOR-3e91eb", "estacion": "LOR", "nombre_estacion": "Los Orientales", "linea": "Línea 4", "latitud": -33.4626181, "longitud": -70.5739242 }, "geometry": { "type": "Point", "coordinates": [ -70.5739242, -33.4626181 ] } },
{ "type": "Feature", "properties": { "equipo": "LOR-5961f9", "estacion": "LOR", "nombre_estacion": "Los Orientales", "linea": "Línea 4", "latitud": -33.4626181, "longitud": -70.5739242 }, "geometry": { "type": "Point", "coordinates": [ -70.5739242, -33.4626181 ] } },
{ "type": "Feature", "properties": { "equipo": "LOR-7fd594", "estacion": "LOR", "nombre_estacion": "Los Orientales", "linea": "Línea 4", "latitud": -33.4626181, "longitud": -70.5739242 }, "geometry": { "type": "Point", "coordinates": [ -70.5739242, -33.4626181 ] } },
{ "type": "Feature", "properties": { "equipo": "LOR-c1c44a", "estacion": "LOR", "nombre_estacion": "Los Orientales", "linea": "Línea 4", "latitud": -33.4626181, "longitud": -70.5739242 }, "geometry": { "type": "Point", "coordinates": [ -70.5739242, -33.4626181 ] } },
{ "type": "Feature", "properties": { "equipo": "PEG-0c222b", "estacion": "PEG", "nombre_estacion": "Plaza Egaña", "linea": "Línea 4", "latitud": -33.4534937, "longitud": -70.570823 }, "geometry": { "type": "Point", "coordinates": [ -70.570823, -33.4534937 ] } },
{ "type": "Feature", "properties": { "equipo": "PEG-26d719", "estacion": "PEG", "nombre_estacion": "Plaza Egaña", "linea": "Línea 4", "latitud": -33.4534937, "longitud": -70.570823 }, "geometry": { "type": "Point", "coordinates": [ -70.570823, -33.4534937 ] } },
{ "type": "Feature", "properties": { "equipo": "PEG-609660", "estacion": "PEG", "nombre_estacion": "Plaza Egaña", "linea": "Línea 4", "latitud": -33.4534937, "longitud": -70.570823 }, "geometry": { "type": "Point", "coordinates": [ -70.570823, -33.4534937 ] } },
{ "type": "Feature", "properties": { "equipo": "PEG-97ca8b", "estacion": "PEG", "nombre_estacion": "Plaza Egaña", "linea": "Línea 4", "latitud": -33.4534937, "longitud": -70.570823 }, "geometry": { "type": "Point", "coordinates": [ -70.570823, -33.4534937 ] } },
{ "type": "Feature", "properties": { "equipo": "PEG-e0d152", "estacion": "PEG", "nombre_estacion": "Plaza Egaña", "linea": "Línea 4", "latitud": -33.4534937, "longitud": -70.570823 }, "geometry": { "type": "Point", "coordinates": [ -70.570823, -33.4534937 ] } },
{ "type": "Feature", "properties": { "equipo": "PEG-e3ee01", "estacion": "PEG", "nombre_estacion": "Plaza Egaña", "linea": "Línea 4", "latitud": -33.4534937, "longitud": -70.570823 }, "geometry": { "type": "Point", "coordinates": [ -70.570823, -33.4534937 ] } },
{ "type": "Feature", "properties": { "equipo": "SBO-0f404f", "estacion": "SBO", "nombre_estacion": "Simón Bolivar", "linea": "Línea 4", "latitud": -33.4461845, "longitud": -70.5719261 }, "geometry": { "type": "Point", "coordinates": [ -70.5719261, -33.4461845 ] } },
{ "type": "Feature", "properties": { "equipo": "SBO-3b0311", "estacion": "SBO", "nombre_estacion": "Simón Bolivar", "linea": "Línea 4", "latitud": -33.4461845, "longitud": -70.5719261 }, "geometry": { "type": "Point", "coordinates": [ -70.5719261, -33.4461845 ] } },
{ "type": "Feature", "properties": { "equipo": "SBO-3e91eb", "estacion": "SBO", "nombre_estacion": "Simón Bolivar", "linea": "Línea 4", "latitud": -33.4461845, "longitud": -70.5719261 }, "geometry": { "type": "Point", "coordinates": [ -70.5719261, -33.4461845 ] } },
{ "type": "Feature", "properties": { "equipo": "SBO-494a03", "estacion": "SBO", "nombre_estacion": "Simón Bolivar", "linea": "Línea 4", "latitud": -33.4461845, "longitud": -70.5719261 }, "geometry": { "type": "Point", "coordinates": [ -70.5719261, -33.4461845 ] } },
{ "type": "Feature", "properties": { "equipo": "SBO-5ed5b0", "estacion": "SBO", "nombre_estacion": "Simón Bolivar", "linea": "Línea 4", "latitud": -33.4461845, "longitud": -70.5719261 }, "geometry": { "type": "Point", "coordinates": [ -70.5719261, -33.4461845 ] } },
{ "type": "Feature", "properties": { "equipo": "SBO-97dcb0", "estacion": "SBO", "nombre_estacion": "Simón Bolivar", "linea": "Línea 4", "latitud": -33.4461845, "longitud": -70.5719261 }, "geometry": { "type": "Point", "coordinates": [ -70.5719261, -33.4461845 ] } },
{ "type": "Feature", "properties": { "equipo": "BIL-0f404f", "estacion": "BIL", "nombre_estacion": "Francisco Bilbao", "linea": "Línea 4", "latitud": -33.4317928, "longitud": -70.584703 }, "geometry": { "type": "Point", "coordinates": [ -70.584703, -33.4317928 ] } },
{ "type": "Feature", "properties": { "equipo": "BIL-3e91eb", "estacion": "BIL", "nombre_estacion": "Francisco Bilbao", "linea": "Línea 4", "latitud": -33.4317928, "longitud": -70.584703 }, "geometry": { "type": "Point", "coordinates": [ -70.584703, -33.4317928 ] } },
{ "type": "Feature", "properties": { "equipo": "BIL-97d88f", "estacion": "BIL", "nombre_estacion": "Francisco Bilbao", "linea": "Línea 4", "latitud": -33.4317928, "longitud": -70.584703 }, "geometry": { "type": "Point", "coordinates": [ -70.584703, -33.4317928 ] } },
{ "type": "Feature", "properties": { "equipo": "BIL-a32f68", "estacion": "BIL", "nombre_estacion": "Francisco Bilbao", "linea": "Línea 4", "latitud": -33.4317928, "longitud": -70.584703 }, "geometry": { "type": "Point", "coordinates": [ -70.584703, -33.4317928 ] } },
{ "type": "Feature", "properties": { "equipo": "BIL-dd46b3", "estacion": "BIL", "nombre_estacion": "Francisco Bilbao", "linea": "Línea 4", "latitud": -33.4317928, "longitud": -70.584703 }, "geometry": { "type": "Point", "coordinates": [ -70.584703, -33.4317928 ] } },
{ "type": "Feature", "properties": { "equipo": "BIL-ebea10", "estacion": "BIL", "nombre_estacion": "Francisco Bilbao", "linea": "Línea 4", "latitud": -33.4317928, "longitud": -70.584703 }, "geometry": { "type": "Point", "coordinates": [ -70.584703, -33.4317928 ] } },
{ "type": "Feature", "properties": { "equipo": "PDG-0f404f", "estacion": "PDG", "nombre_estacion": "Príncipe de Gales", "linea": "Línea 4", "latitud": -33.4392047, "longitud": -70.5731497 }, "geometry": { "type": "Point", "coordinates": [ -70.5731497, -33.4392047 ] } },
{ "type": "Feature", "properties": { "equipo": "PDG-3e91eb", "estacion": "PDG", "nombre_estacion": "Príncipe de Gales", "linea": "Línea 4", "latitud": -33.4392047, "longitud": -70.5731497 }, "geometry": { "type": "Point", "coordinates": [ -70.5731497, -33.4392047 ] } },
{ "type": "Feature", "properties": { "equipo": "PDG-4e3730", "estacion": "PDG", "nombre_estacion": "Príncipe de Gales", "linea": "Línea 4", "latitud": -33.4392047, "longitud": -70.5731497 }, "geometry": { "type": "Point", "coordinates": [ -70.5731497, -33.4392047 ] } },
{ "type": "Feature", "properties": { "equipo": "PDG-5ed5b0", "estacion": "PDG", "nombre_estacion": "Príncipe de Gales", "linea": "Línea 4", "latitud": -33.4392047, "longitud": -70.5731497 }, "geometry": { "type": "Point", "coordinates": [ -70.5731497, -33.4392047 ] } },
{ "type": "Feature", "properties": { "equipo": "PDG-810478", "estacion": "PDG", "nombre_estacion": "Príncipe de Gales", "linea": "Línea 4", "latitud": -33.4392047, "longitud": -70.5731497 }, "geometry": { "type": "Point", "coordinates": [ -70.5731497, -33.4392047 ] } },
{ "type": "Feature", "properties": { "equipo": "PDG-97dcb0", "estacion": "PDG", "nombre_estacion": "Príncipe de Gales", "linea": "Línea 4", "latitud": -33.4392047, "longitud": -70.5731497 }, "geometry": { "type": "Point", "coordinates": [ -70.5731497, -33.4392047 ] } },
{ "type": "Feature", "properties": { "equipo": "COL-01f9b7", "estacion": "COL", "nombre_estacion": "Cristóbal Colón", "linea": "Línea 4", "latitud": -33.4263163, "longitud": -70.5909808 }, "geometry": { "type": "Point", "coordinates": [ -70.5909808, -33.4263163 ] } },
{ "type": "Feature", "properties": { "equipo": "COL-0f404f", "estacion": "COL", "nombre_estacion": "Cristóbal Colón", "linea": "Línea 4", "latitud": -33.4263163, "longitud": -70.5909808 }, "geometry": { "type": "Point", "coordinates": [ -70.5909808, -33.4263163 ] } },
{ "type": "Feature", "properties": { "equipo": "COL-3e91eb", "estacion": "COL", "nombre_estacion": "Cristóbal Colón", "linea": "Línea 4", "latitud": -33.4263163, "longitud": -70.5909808 }, "geometry": { "type": "Point", "coordinates": [ -70.5909808, -33.4263163 ] } },
{ "type": "Feature", "properties": { "equipo": "COL-46b9a4", "estacion": "COL", "nombre_estacion": "Cristóbal Colón", "linea": "Línea 4", "latitud": -33.4263163, "longitud": -70.5909808 }, "geometry": { "type": "Point", "coordinates": [ -70.5909808, -33.4263163 ] } },
{ "type": "Feature", "properties": { "equipo": "COL-7f44a2", "estacion": "COL", "nombre_estacion": "Cristóbal Colón", "linea": "Línea 4", "latitud": -33.4263163, "longitud": -70.5909808 }, "geometry": { "type": "Point", "coordinates": [ -70.5909808, -33.4263163 ] } },
{ "type": "Feature", "properties": { "equipo": "COL-97655b", "estacion": "COL", "nombre_estacion": "Cristóbal Colón", "linea": "Línea 4", "latitud": -33.4263163, "longitud": -70.5909808 }, "geometry": { "type": "Point", "coordinates": [ -70.5909808, -33.4263163 ] } },
{ "type": "Feature", "properties": { "equipo": "TOB-01198b", "estacion": "TOB", "nombre_estacion": "Tobalaba", "linea": "Línea 4", "latitud": -33.4182154, "longitud": -70.6014872 }, "geometry": { "type": "Point", "coordinates": [ -70.6014872, -33.4182154 ] } },
{ "type": "Feature", "properties": { "equipo": "TOB-020c20", "estacion": "TOB", "nombre_estacion": "Tobalaba", "linea": "Línea 4", "latitud": -33.4182154, "longitud": -70.6014872 }, "geometry": { "type": "Point", "coordinates": [ -70.6014872, -33.4182154 ] } },
{ "type": "Feature", "properties": { "equipo": "TOB-0f2ecf", "estacion": "TOB", "nombre_estacion": "Tobalaba", "linea": "Línea 4", "latitud": -33.4182154, "longitud": -70.6014872 }, "geometry": { "type": "Point", "coordinates": [ -70.6014872, -33.4182154 ] } },
{ "type": "Feature", "properties": { "equipo": "TOB-14f276", "estacion": "TOB", "nombre_estacion": "Tobalaba", "linea": "Línea 4", "latitud": -33.4182154, "longitud": -70.6014872 }, "geometry": { "type": "Point", "coordinates": [ -70.6014872, -33.4182154 ] } },
{ "type": "Feature", "properties": { "equipo": "TOB-183d47", "estacion": "TOB", "nombre_estacion": "Tobalaba", "linea": "Línea 4", "latitud": -33.4182154, "longitud": -70.6014872 }, "geometry": { "type": "Point", "coordinates": [ -70.6014872, -33.4182154 ] } },
{ "type": "Feature", "properties": { "equipo": "TOB-1b5328", "estacion": "TOB", "nombre_estacion": "Tobalaba", "linea": "Línea 4", "latitud": -33.4182154, "longitud": -70.6014872 }, "geometry": { "type": "Point", "coordinates": [ -70.6014872, -33.4182154 ] } },
{ "type": "Feature", "properties": { "equipo": "TOB-1e22d0", "estacion": "TOB", "nombre_estacion": "Tobalaba", "linea": "Línea 4", "latitud": -33.4182154, "longitud": -70.6014872 }, "geometry": { "type": "Point", "coordinates": [ -70.6014872, -33.4182154 ] } },
{ "type": "Feature", "properties": { "equipo": "TOB-1f6005", "estacion": "TOB", "nombre_estacion": "Tobalaba", "linea": "Línea 4", "latitud": -33.4182154, "longitud": -70.6014872 }, "geometry": { "type": "Point", "coordinates": [ -70.6014872, -33.4182154 ] } },
{ "type": "Feature", "properties": { "equipo": "TOB-1fa6b6", "estacion": "TOB", "nombre_estacion": "Tobalaba", "linea": "Línea 4", "latitud": -33.4182154, "longitud": -70.6014872 }, "geometry": { "type": "Point", "coordinates": [ -70.6014872, -33.4182154 ] } },
{ "type": "Feature", "properties": { "equipo": "TOB-22c12d", "estacion": "TOB", "nombre_estacion": "Tobalaba", "linea": "Línea 4", "latitud": -33.4182154, "longitud": -70.6014872 }, "geometry": { "type": "Point", "coordinates": [ -70.6014872, -33.4182154 ] } },
{ "type": "Feature", "properties": { "equipo": "TOB-3e1349", "estacion": "TOB", "nombre_estacion": "Tobalaba", "linea": "Línea 4", "latitud": -33.4182154, "longitud": -70.6014872 }, "geometry": { "type": "Point", "coordinates": [ -70.6014872, -33.4182154 ] } },
{ "type": "Feature", "properties": { "equipo": "TOB-4447ff", "estacion": "TOB", "nombre_estacion": "Tobalaba", "linea": "Línea 4", "latitud": -33.4182154, "longitud": -70.6014872 }, "geometry": { "type": "Point", "coordinates": [ -70.6014872, -33.4182154 ] } },
{ "type": "Feature", "properties": { "equipo": "TOB-524d25", "estacion": "TOB", "nombre_estacion": "Tobalaba", "linea": "Línea 4", "latitud": -33.4182154, "longitud": -70.6014872 }, "geometry": { "type": "Point", "coordinates": [ -70.6014872, -33.4182154 ] } },
{ "type": "Feature", "properties": { "equipo": "TOB-5af59e", "estacion": "TOB", "nombre_estacion": "Tobalaba", "linea": "Línea 4", "latitud": -33.4182154, "longitud": -70.6014872 }, "geometry": { "type": "Point", "coordinates": [ -70.6014872, -33.4182154 ] } },
{ "type": "Feature", "properties": { "equipo": "TOB-626819", "estacion": "TOB", "nombre_estacion": "Tobalaba", "linea": "Línea 4", "latitud": -33.4182154, "longitud": -70.6014872 }, "geometry": { "type": "Point", "coordinates": [ -70.6014872, -33.4182154 ] } },
{ "type": "Feature", "properties": { "equipo": "TOB-62bb60", "estacion": "TOB", "nombre_estacion": "Tobalaba", "linea": "Línea 4", "latitud": -33.4182154, "longitud": -70.6014872 }, "geometry": { "type": "Point", "coordinates": [ -70.6014872, -33.4182154 ] } },
{ "type": "Feature", "properties": { "equipo": "TOB-75dab6", "estacion": "TOB", "nombre_estacion": "Tobalaba", "linea": "Línea 4", "latitud": -33.4182154, "longitud": -70.6014872 }, "geometry": { "type": "Point", "coordinates": [ -70.6014872, -33.4182154 ] } },
{ "type": "Feature", "properties": { "equipo": "TOB-77a926", "estacion": "TOB", "nombre_estacion": "Tobalaba", "linea": "Línea 4", "latitud": -33.4182154, "longitud": -70.6014872 }, "geometry": { "type": "Point", "coordinates": [ -70.6014872, -33.4182154 ] } },
{ "type": "Feature", "properties": { "equipo": "TOB-7d1e50", "estacion": "TOB", "nombre_estacion": "Tobalaba", "linea": "Línea 4", "latitud": -33.4182154, "longitud": -70.6014872 }, "geometry": { "type": "Point", "coordinates": [ -70.6014872, -33.4182154 ] } },
{ "type": "Feature", "properties": { "equipo": "TOB-942f03", "estacion": "TOB", "nombre_estacion": "Tobalaba", "linea": "Línea 4", "latitud": -33.4182154, "longitud": -70.6014872 }, "geometry": { "type": "Point", "coordinates": [ -70.6014872, -33.4182154 ] } },
{ "type": "Feature", "properties": { "equipo": "TOB-94b1d0", "estacion": "TOB", "nombre_estacion": "Tobalaba", "linea": "Línea 4", "latitud": -33.4182154, "longitud": -70.6014872 }, "geometry": { "type": "Point", "coordinates": [ -70.6014872, -33.4182154 ] } },
{ "type": "Feature", "properties": { "equipo": "TOB-9b4328", "estacion": "TOB", "nombre_estacion": "Tobalaba", "linea": "Línea 4", "latitud": -33.4182154, "longitud": -70.6014872 }, "geometry": { "type": "Point", "coordinates": [ -70.6014872, -33.4182154 ] } },
{ "type": "Feature", "properties": { "equipo": "TOB-c240bc", "estacion": "TOB", "nombre_estacion": "Tobalaba", "linea": "Línea 4", "latitud": -33.4182154, "longitud": -70.6014872 }, "geometry": { "type": "Point", "coordinates": [ -70.6014872, -33.4182154 ] } },
{ "type": "Feature", "properties": { "equipo": "TOB-de33f4", "estacion": "TOB", "nombre_estacion": "Tobalaba", "linea": "Línea 4", "latitud": -33.4182154, "longitud": -70.6014872 }, "geometry": { "type": "Point", "coordinates": [ -70.6014872, -33.4182154 ] } },
{ "type": "Feature", "properties": { "equipo": "TOB-e61333", "estacion": "TOB", "nombre_estacion": "Tobalaba", "linea": "Línea 4", "latitud": -33.4182154, "longitud": -70.6014872 }, "geometry": { "type": "Point", "coordinates": [ -70.6014872, -33.4182154 ] } },
{ "type": "Feature", "properties": { "equipo": "TOB-e7a986", "estacion": "TOB", "nombre_estacion": "Tobalaba", "linea": "Línea 4", "latitud": -33.4182154, "longitud": -70.6014872 }, "geometry": { "type": "Point", "coordinates": [ -70.6014872, -33.4182154 ] } },
{ "type": "Feature", "properties": { "equipo": "TOB-f0c727", "estacion": "TOB", "nombre_estacion": "Tobalaba", "linea": "Línea 4", "latitud": -33.4182154, "longitud": -70.6014872 }, "geometry": { "type": "Point", "coordinates": [ -70.6014872, -33.4182154 ] } },
{ "type": "Feature", "properties": { "equipo": "TOB-f4076d", "estacion": "TOB", "nombre_estacion": "Tobalaba", "linea": "Línea 4", "latitud": -33.4182154, "longitud": -70.6014872 }, "geometry": { "type": "Point", "coordinates": [ -70.6014872, -33.4182154 ] } },
{ "type": "Feature", "properties": { "equipo": "TOB-f94aea", "estacion": "TOB", "nombre_estacion": "Tobalaba", "linea": "Línea 4", "latitud": -33.4182154, "longitud": -70.6014872 }, "geometry": { "type": "Point", "coordinates": [ -70.6014872, -33.4182154 ] } },
{ "type": "Feature", "properties": { "equipo": "FCV-4dcd5a", "estacion": "FCV", "nombre_estacion": "Fernando Castillo Velasco", "linea": "Línea 3", "latitud": -33.4521007, "longitud": -70.558107 }, "geometry": { "type": "Point", "coordinates": [ -70.558107, -33.4521007 ] } },
{ "type": "Feature", "properties": { "equipo": "FCV-85c71c", "estacion": "FCV", "nombre_estacion": "Fernando Castillo Velasco", "linea": "Línea 3", "latitud": -33.4521007, "longitud": -70.558107 }, "geometry": { "type": "Point", "coordinates": [ -70.558107, -33.4521007 ] } },
{ "type": "Feature", "properties": { "equipo": "FCV-c9011b", "estacion": "FCV", "nombre_estacion": "Fernando Castillo Velasco", "linea": "Línea 3", "latitud": -33.4521007, "longitud": -70.558107 }, "geometry": { "type": "Point", "coordinates": [ -70.558107, -33.4521007 ] } },
{ "type": "Feature", "properties": { "equipo": "FCV-d89228", "estacion": "FCV", "nombre_estacion": "Fernando Castillo Velasco", "linea": "Línea 3", "latitud": -33.4521007, "longitud": -70.558107 }, "geometry": { "type": "Point", "coordinates": [ -70.558107, -33.4521007 ] } },
{ "type": "Feature", "properties": { "equipo": "FCV-e1d48a", "estacion": "FCV", "nombre_estacion": "Fernando Castillo Velasco", "linea": "Línea 3", "latitud": -33.4521007, "longitud": -70.558107 }, "geometry": { "type": "Point", "coordinates": [ -70.558107, -33.4521007 ] } },
{ "type": "Feature", "properties": { "equipo": "PZE-0bfefb", "estacion": "PZE", "nombre_estacion": "Plaza Egaña L3", "linea": "Línea 3", "latitud": -33.4534937, "longitud": -70.570823 }, "geometry": { "type": "Point", "coordinates": [ -70.570823, -33.4534937 ] } },
{ "type": "Feature", "properties": { "equipo": "PZE-0c222b", "estacion": "PZE", "nombre_estacion": "Plaza Egaña L3", "linea": "Línea 3", "latitud": -33.4534937, "longitud": -70.570823 }, "geometry": { "type": "Point", "coordinates": [ -70.570823, -33.4534937 ] } },
{ "type": "Feature", "properties": { "equipo": "PZE-2ac00b", "estacion": "PZE", "nombre_estacion": "Plaza Egaña L3", "linea": "Línea 3", "latitud": -33.4534937, "longitud": -70.570823 }, "geometry": { "type": "Point", "coordinates": [ -70.570823, -33.4534937 ] } },
{ "type": "Feature", "properties": { "equipo": "PZE-5cc3ef", "estacion": "PZE", "nombre_estacion": "Plaza Egaña L3", "linea": "Línea 3", "latitud": -33.4534937, "longitud": -70.570823 }, "geometry": { "type": "Point", "coordinates": [ -70.570823, -33.4534937 ] } },
{ "type": "Feature", "properties": { "equipo": "PZE-5ef834", "estacion": "PZE", "nombre_estacion": "Plaza Egaña L3", "linea": "Línea 3", "latitud": -33.4534937, "longitud": -70.570823 }, "geometry": { "type": "Point", "coordinates": [ -70.570823, -33.4534937 ] } },
{ "type": "Feature", "properties": { "equipo": "PZE-919f31", "estacion": "PZE", "nombre_estacion": "Plaza Egaña L3", "linea": "Línea 3", "latitud": -33.4534937, "longitud": -70.570823 }, "geometry": { "type": "Point", "coordinates": [ -70.570823, -33.4534937 ] } },
{ "type": "Feature", "properties": { "equipo": "PZE-a131f1", "estacion": "PZE", "nombre_estacion": "Plaza Egaña L3", "linea": "Línea 3", "latitud": -33.4534937, "longitud": -70.570823 }, "geometry": { "type": "Point", "coordinates": [ -70.570823, -33.4534937 ] } },
{ "type": "Feature", "properties": { "equipo": "PZE-a80a05", "estacion": "PZE", "nombre_estacion": "Plaza Egaña L3", "linea": "Línea 3", "latitud": -33.4534937, "longitud": -70.570823 }, "geometry": { "type": "Point", "coordinates": [ -70.570823, -33.4534937 ] } },
{ "type": "Feature", "properties": { "equipo": "PZE-b72dd1", "estacion": "PZE", "nombre_estacion": "Plaza Egaña L3", "linea": "Línea 3", "latitud": -33.4534937, "longitud": -70.570823 }, "geometry": { "type": "Point", "coordinates": [ -70.570823, -33.4534937 ] } },
{ "type": "Feature", "properties": { "equipo": "PZE-bdbd6d", "estacion": "PZE", "nombre_estacion": "Plaza Egaña L3", "linea": "Línea 3", "latitud": -33.4534937, "longitud": -70.570823 }, "geometry": { "type": "Point", "coordinates": [ -70.570823, -33.4534937 ] } },
{ "type": "Feature", "properties": { "equipo": "PZE-c511df", "estacion": "PZE", "nombre_estacion": "Plaza Egaña L3", "linea": "Línea 3", "latitud": -33.4534937, "longitud": -70.570823 }, "geometry": { "type": "Point", "coordinates": [ -70.570823, -33.4534937 ] } },
{ "type": "Feature", "properties": { "equipo": "PZE-cc8d7c", "estacion": "PZE", "nombre_estacion": "Plaza Egaña L3", "linea": "Línea 3", "latitud": -33.4534937, "longitud": -70.570823 }, "geometry": { "type": "Point", "coordinates": [ -70.570823, -33.4534937 ] } },
{ "type": "Feature", "properties": { "equipo": "PZE-e47d10", "estacion": "PZE", "nombre_estacion": "Plaza Egaña L3", "linea": "Línea 3", "latitud": -33.4534937, "longitud": -70.570823 }, "geometry": { "type": "Point", "coordinates": [ -70.570823, -33.4534937 ] } },
{ "type": "Feature", "properties": { "equipo": "PZE-f4dc5d", "estacion": "PZE", "nombre_estacion": "Plaza Egaña L3", "linea": "Línea 3", "latitud": -33.4534937, "longitud": -70.570823 }, "geometry": { "type": "Point", "coordinates": [ -70.570823, -33.4534937 ] } },
{ "type": "Feature", "properties": { "equipo": "PZE-fc788b", "estacion": "PZE", "nombre_estacion": "Plaza Egaña L3", "linea": "Línea 3", "latitud": -33.4534937, "longitud": -70.570823 }, "geometry": { "type": "Point", "coordinates": [ -70.570823, -33.4534937 ] } },
{ "type": "Feature", "properties": { "equipo": "VFR-4dcd5a", "estacion": "VFR", "nombre_estacion": "Villa Frei", "linea": "Línea 3", "latitud": -33.4546697, "longitud": -70.5814833 }, "geometry": { "type": "Point", "coordinates": [ -70.5814833, -33.4546697 ] } },
{ "type": "Feature", "properties": { "equipo": "VFR-832279", "estacion": "VFR", "nombre_estacion": "Villa Frei", "linea": "Línea 3", "latitud": -33.4546697, "longitud": -70.5814833 }, "geometry": { "type": "Point", "coordinates": [ -70.5814833, -33.4546697 ] } },
{ "type": "Feature", "properties": { "equipo": "VFR-c9011b", "estacion": "VFR", "nombre_estacion": "Villa Frei", "linea": "Línea 3", "latitud": -33.4546697, "longitud": -70.5814833 }, "geometry": { "type": "Point", "coordinates": [ -70.5814833, -33.4546697 ] } },
{ "type": "Feature", "properties": { "equipo": "VFR-e1d48a", "estacion": "VFR", "nombre_estacion": "Villa Frei", "linea": "Línea 3", "latitud": -33.4546697, "longitud": -70.5814833 }, "geometry": { "type": "Point", "coordinates": [ -70.5814833, -33.4546697 ] } },
{ "type": "Feature", "properties": { "equipo": "VFR-ea7ffb", "estacion": "VFR", "nombre_estacion": "Villa Frei", "linea": "Línea 3", "latitud": -33.4546697, "longitud": -70.5814833 }, "geometry": { "type": "Point", "coordinates": [ -70.5814833, -33.4546697 ] } },
{ "type": "Feature", "properties": { "equipo": "ESP-0fd2d0", "estacion": "ESP", "nombre_estacion": "Chile-España", "linea": "Línea 3", "latitud": -33.4549078, "longitud": -70.5981422 }, "geometry": { "type": "Point", "coordinates": [ -70.5981422, -33.4549078 ] } },
{ "type": "Feature", "properties": { "equipo": "ESP-4d2087", "estacion": "ESP", "nombre_estacion": "Chile-España", "linea": "Línea 3", "latitud": -33.4549078, "longitud": -70.5981422 }, "geometry": { "type": "Point", "coordinates": [ -70.5981422, -33.4549078 ] } },
{ "type": "Feature", "properties": { "equipo": "ESP-4dcd5a", "estacion": "ESP", "nombre_estacion": "Chile-España", "linea": "Línea 3", "latitud": -33.4549078, "longitud": -70.5981422 }, "geometry": { "type": "Point", "coordinates": [ -70.5981422, -33.4549078 ] } },
{ "type": "Feature", "properties": { "equipo": "ESP-832279", "estacion": "ESP", "nombre_estacion": "Chile-España", "linea": "Línea 3", "latitud": -33.4549078, "longitud": -70.5981422 }, "geometry": { "type": "Point", "coordinates": [ -70.5981422, -33.4549078 ] } },
{ "type": "Feature", "properties": { "equipo": "ESP-c6d4cc", "estacion": "ESP", "nombre_estacion": "Chile-España", "linea": "Línea 3", "latitud": -33.4549078, "longitud": -70.5981422 }, "geometry": { "type": "Point", "coordinates": [ -70.5981422, -33.4549078 ] } },
{ "type": "Feature", "properties": { "equipo": "ESP-c9011b", "estacion": "ESP", "nombre_estacion": "Chile-España", "linea": "Línea 3", "latitud": -33.4549078, "longitud": -70.5981422 }, "geometry": { "type": "Point", "coordinates": [ -70.5981422, -33.4549078 ] } },
{ "type": "Feature", "properties": { "equipo": "ESP-e1d48a", "estacion": "ESP", "nombre_estacion": "Chile-España", "linea": "Línea 3", "latitud": -33.4549078, "longitud": -70.5981422 }, "geometry": { "type": "Point", "coordinates": [ -70.5981422, -33.4549078 ] } },
{ "type": "Feature", "properties": { "equipo": "NUN-05243d", "estacion": "NUN", "nombre_estacion": "Ñuñoa L3", "linea": "Línea 3", "latitud": -33.4541894, "longitud": -70.604972 }, "geometry": { "type": "Point", "coordinates": [ -70.604972, -33.4541894 ] } },
{ "type": "Feature", "properties": { "equipo": "NUN-18ffed", "estacion": "NUN", "nombre_estacion": "Ñuñoa L3", "linea": "Línea 3", "latitud": -33.4541894, "longitud": -70.604972 }, "geometry": { "type": "Point", "coordinates": [ -70.604972, -33.4541894 ] } },
{ "type": "Feature", "properties": { "equipo": "NUN-1ffee5", "estacion": "NUN", "nombre_estacion": "Ñuñoa L3", "linea": "Línea 3", "latitud": -33.4541894, "longitud": -70.604972 }, "geometry": { "type": "Point", "coordinates": [ -70.604972, -33.4541894 ] } },
{ "type": "Feature", "properties": { "equipo": "NUN-577f8a", "estacion": "NUN", "nombre_estacion": "Ñuñoa L3", "linea": "Línea 3", "latitud": -33.4541894, "longitud": -70.604972 }, "geometry": { "type": "Point", "coordinates": [ -70.604972, -33.4541894 ] } },
{ "type": "Feature", "properties": { "equipo": "NUN-c9011b", "estacion": "NUN", "nombre_estacion": "Ñuñoa L3", "linea": "Línea 3", "latitud": -33.4541894, "longitud": -70.604972 }, "geometry": { "type": "Point", "coordinates": [ -70.604972, -33.4541894 ] } },
{ "type": "Feature", "properties": { "equipo": "IRA-062aea", "estacion": "IRA", "nombre_estacion": "Irarrázaval L3", "linea": "Línea 3", "latitud": -33.4550535, "longitud": -70.6283154 }, "geometry": { "type": "Point", "coordinates": [ -70.6283154, -33.4550535 ] } },
{ "type": "Feature", "properties": { "equipo": "IRA-19819d", "estacion": "IRA", "nombre_estacion": "Irarrázaval L3", "linea": "Línea 3", "latitud": -33.4550535, "longitud": -70.6283154 }, "geometry": { "type": "Point", "coordinates": [ -70.6283154, -33.4550535 ] } },
{ "type": "Feature", "properties": { "equipo": "IRA-1ffee5", "estacion": "IRA", "nombre_estacion": "Irarrázaval L3", "linea": "Línea 3", "latitud": -33.4550535, "longitud": -70.6283154 }, "geometry": { "type": "Point", "coordinates": [ -70.6283154, -33.4550535 ] } },
{ "type": "Feature", "properties": { "equipo": "IRA-21c4c6", "estacion": "IRA", "nombre_estacion": "Irarrázaval L3", "linea": "Línea 3", "latitud": -33.4550535, "longitud": -70.6283154 }, "geometry": { "type": "Point", "coordinates": [ -70.6283154, -33.4550535 ] } },
{ "type": "Feature", "properties": { "equipo": "IRA-3b98ca", "estacion": "IRA", "nombre_estacion": "Irarrázaval L3", "linea": "Línea 3", "latitud": -33.4550535, "longitud": -70.6283154 }, "geometry": { "type": "Point", "coordinates": [ -70.6283154, -33.4550535 ] } },
{ "type": "Feature", "properties": { "equipo": "IRA-509819", "estacion": "IRA", "nombre_estacion": "Irarrázaval L3", "linea": "Línea 3", "latitud": -33.4550535, "longitud": -70.6283154 }, "geometry": { "type": "Point", "coordinates": [ -70.6283154, -33.4550535 ] } },
{ "type": "Feature", "properties": { "equipo": "IRA-779bd1", "estacion": "IRA", "nombre_estacion": "Irarrázaval L3", "linea": "Línea 3", "latitud": -33.4550535, "longitud": -70.6283154 }, "geometry": { "type": "Point", "coordinates": [ -70.6283154, -33.4550535 ] } },
{ "type": "Feature", "properties": { "equipo": "IRA-919f31", "estacion": "IRA", "nombre_estacion": "Irarrázaval L3", "linea": "Línea 3", "latitud": -33.4550535, "longitud": -70.6283154 }, "geometry": { "type": "Point", "coordinates": [ -70.6283154, -33.4550535 ] } },
{ "type": "Feature", "properties": { "equipo": "IRA-92dd56", "estacion": "IRA", "nombre_estacion": "Irarrázaval L3", "linea": "Línea 3", "latitud": -33.4550535, "longitud": -70.6283154 }, "geometry": { "type": "Point", "coordinates": [ -70.6283154, -33.4550535 ] } },
{ "type": "Feature", "properties": { "equipo": "IRA-943151", "estacion": "IRA", "nombre_estacion": "Irarrázaval L3", "linea": "Línea 3", "latitud": -33.4550535, "longitud": -70.6283154 }, "geometry": { "type": "Point", "coordinates": [ -70.6283154, -33.4550535 ] } },
{ "type": "Feature", "properties": { "equipo": "IRA-97cdfa", "estacion": "IRA", "nombre_estacion": "Irarrázaval L3", "linea": "Línea 3", "latitud": -33.4550535, "longitud": -70.6283154 }, "geometry": { "type": "Point", "coordinates": [ -70.6283154, -33.4550535 ] } },
{ "type": "Feature", "properties": { "equipo": "IRA-a50300", "estacion": "IRA", "nombre_estacion": "Irarrázaval L3", "linea": "Línea 3", "latitud": -33.4550535, "longitud": -70.6283154 }, "geometry": { "type": "Point", "coordinates": [ -70.6283154, -33.4550535 ] } },
{ "type": "Feature", "properties": { "equipo": "IRA-c9011b", "estacion": "IRA", "nombre_estacion": "Irarrázaval L3", "linea": "Línea 3", "latitud": -33.4550535, "longitud": -70.6283154 }, "geometry": { "type": "Point", "coordinates": [ -70.6283154, -33.4550535 ] } },
{ "type": "Feature", "properties": { "equipo": "MEY-78e48b", "estacion": "MEY", "nombre_estacion": "Monseñor Eyzaguirre", "linea": "Línea 3", "latitud": -33.4531944, "longitud": -70.613519 }, "geometry": { "type": "Point", "coordinates": [ -70.613519, -33.4531944 ] } },
{ "type": "Feature", "properties": { "equipo": "MEY-832279", "estacion": "MEY", "nombre_estacion": "Monseñor Eyzaguirre", "linea": "Línea 3", "latitud": -33.4531944, "longitud": -70.613519 }, "geometry": { "type": "Point", "coordinates": [ -70.613519, -33.4531944 ] } },
{ "type": "Feature", "properties": { "equipo": "MEY-943151", "estacion": "MEY", "nombre_estacion": "Monseñor Eyzaguirre", "linea": "Línea 3", "latitud": -33.4531944, "longitud": -70.613519 }, "geometry": { "type": "Point", "coordinates": [ -70.613519, -33.4531944 ] } },
{ "type": "Feature", "properties": { "equipo": "MEY-c9011b", "estacion": "MEY", "nombre_estacion": "Monseñor Eyzaguirre", "linea": "Línea 3", "latitud": -33.4531944, "longitud": -70.613519 }, "geometry": { "type": "Point", "coordinates": [ -70.613519, -33.4531944 ] } },
{ "type": "Feature", "properties": { "equipo": "MEY-e1d48a", "estacion": "MEY", "nombre_estacion": "Monseñor Eyzaguirre", "linea": "Línea 3", "latitud": -33.4531944, "longitud": -70.613519 }, "geometry": { "type": "Point", "coordinates": [ -70.613519, -33.4531944 ] } },
{ "type": "Feature", "properties": { "equipo": "MEY-f89937", "estacion": "MEY", "nombre_estacion": "Monseñor Eyzaguirre", "linea": "Línea 3", "latitud": -33.4531944, "longitud": -70.613519 }, "geometry": { "type": "Point", "coordinates": [ -70.613519, -33.4531944 ] } },
{ "type": "Feature", "properties": { "equipo": "MAT-0eb044", "estacion": "MAT", "nombre_estacion": "Matta", "linea": "Línea 3", "latitud": -33.4582698, "longitud": -70.6430769 }, "geometry": { "type": "Point", "coordinates": [ -70.6430769, -33.4582698 ] } },
{ "type": "Feature", "properties": { "equipo": "MAT-0fd2d0", "estacion": "MAT", "nombre_estacion": "Matta", "linea": "Línea 3", "latitud": -33.4582698, "longitud": -70.6430769 }, "geometry": { "type": "Point", "coordinates": [ -70.6430769, -33.4582698 ] } },
{ "type": "Feature", "properties": { "equipo": "MAT-173a49", "estacion": "MAT", "nombre_estacion": "Matta", "linea": "Línea 3", "latitud": -33.4582698, "longitud": -70.6430769 }, "geometry": { "type": "Point", "coordinates": [ -70.6430769, -33.4582698 ] } },
{ "type": "Feature", "properties": { "equipo": "MAT-374766", "estacion": "MAT", "nombre_estacion": "Matta", "linea": "Línea 3", "latitud": -33.4582698, "longitud": -70.6430769 }, "geometry": { "type": "Point", "coordinates": [ -70.6430769, -33.4582698 ] } },
{ "type": "Feature", "properties": { "equipo": "MAT-4cba08", "estacion": "MAT", "nombre_estacion": "Matta", "linea": "Línea 3", "latitud": -33.4582698, "longitud": -70.6430769 }, "geometry": { "type": "Point", "coordinates": [ -70.6430769, -33.4582698 ] } },
{ "type": "Feature", "properties": { "equipo": "MAT-c9011b", "estacion": "MAT", "nombre_estacion": "Matta", "linea": "Línea 3", "latitud": -33.4582698, "longitud": -70.6430769 }, "geometry": { "type": "Point", "coordinates": [ -70.6430769, -33.4582698 ] } },
{ "type": "Feature", "properties": { "equipo": "MAT-eaead3", "estacion": "MAT", "nombre_estacion": "Matta", "linea": "Línea 3", "latitud": -33.4582698, "longitud": -70.6430769 }, "geometry": { "type": "Point", "coordinates": [ -70.6430769, -33.4582698 ] } },
{ "type": "Feature", "properties": { "equipo": "PAL-0eb044", "estacion": "PAL", "nombre_estacion": "Parque Almagro", "linea": "Línea 3", "latitud": -33.4513929, "longitud": -70.6505616 }, "geometry": { "type": "Point", "coordinates": [ -70.6505616, -33.4513929 ] } },
{ "type": "Feature", "properties": { "equipo": "PAL-5aebcf", "estacion": "PAL", "nombre_estacion": "Parque Almagro", "linea": "Línea 3", "latitud": -33.4513929, "longitud": -70.6505616 }, "geometry": { "type": "Point", "coordinates": [ -70.6505616, -33.4513929 ] } },
{ "type": "Feature", "properties": { "equipo": "PAL-876c8c", "estacion": "PAL", "nombre_estacion": "Parque Almagro", "linea": "Línea 3", "latitud": -33.4513929, "longitud": -70.6505616 }, "geometry": { "type": "Point", "coordinates": [ -70.6505616, -33.4513929 ] } },
{ "type": "Feature", "properties": { "equipo": "PAL-beccf4", "estacion": "PAL", "nombre_estacion": "Parque Almagro", "linea": "Línea 3", "latitud": -33.4513929, "longitud": -70.6505616 }, "geometry": { "type": "Point", "coordinates": [ -70.6505616, -33.4513929 ] } },
{ "type": "Feature", "properties": { "equipo": "PAL-f4663a", "estacion": "PAL", "nombre_estacion": "Parque Almagro", "linea": "Línea 3", "latitud": -33.4513929, "longitud": -70.6505616 }, "geometry": { "type": "Point", "coordinates": [ -70.6505616, -33.4513929 ] } },
{ "type": "Feature", "properties": { "equipo": "PZA-165667", "estacion": "PZA", "nombre_estacion": "Plaza de Armas L3", "linea": "Línea 3", "latitud": -33.4374154, "longitud": -70.6512777 }, "geometry": { "type": "Point", "coordinates": [ -70.6512777, -33.4374154 ] } },
{ "type": "Feature", "properties": { "equipo": "PZA-19d7b3", "estacion": "PZA", "nombre_estacion": "Plaza de Armas L3", "linea": "Línea 3", "latitud": -33.4374154, "longitud": -70.6512777 }, "geometry": { "type": "Point", "coordinates": [ -70.6512777, -33.4374154 ] } },
{ "type": "Feature", "properties": { "equipo": "PZA-467d6f", "estacion": "PZA", "nombre_estacion": "Plaza de Armas L3", "linea": "Línea 3", "latitud": -33.4374154, "longitud": -70.6512777 }, "geometry": { "type": "Point", "coordinates": [ -70.6512777, -33.4374154 ] } },
{ "type": "Feature", "properties": { "equipo": "PZA-6f2495", "estacion": "PZA", "nombre_estacion": "Plaza de Armas L3", "linea": "Línea 3", "latitud": -33.4374154, "longitud": -70.6512777 }, "geometry": { "type": "Point", "coordinates": [ -70.6512777, -33.4374154 ] } },
{ "type": "Feature", "properties": { "equipo": "PZA-8132f3", "estacion": "PZA", "nombre_estacion": "Plaza de Armas L3", "linea": "Línea 3", "latitud": -33.4374154, "longitud": -70.6512777 }, "geometry": { "type": "Point", "coordinates": [ -70.6512777, -33.4374154 ] } },
{ "type": "Feature", "properties": { "equipo": "PZA-81f4a2", "estacion": "PZA", "nombre_estacion": "Plaza de Armas L3", "linea": "Línea 3", "latitud": -33.4374154, "longitud": -70.6512777 }, "geometry": { "type": "Point", "coordinates": [ -70.6512777, -33.4374154 ] } },
{ "type": "Feature", "properties": { "equipo": "PZA-851b98", "estacion": "PZA", "nombre_estacion": "Plaza de Armas L3", "linea": "Línea 3", "latitud": -33.4374154, "longitud": -70.6512777 }, "geometry": { "type": "Point", "coordinates": [ -70.6512777, -33.4374154 ] } },
{ "type": "Feature", "properties": { "equipo": "PZA-907941", "estacion": "PZA", "nombre_estacion": "Plaza de Armas L3", "linea": "Línea 3", "latitud": -33.4374154, "longitud": -70.6512777 }, "geometry": { "type": "Point", "coordinates": [ -70.6512777, -33.4374154 ] } },
{ "type": "Feature", "properties": { "equipo": "PZA-9648ee", "estacion": "PZA", "nombre_estacion": "Plaza de Armas L3", "linea": "Línea 3", "latitud": -33.4374154, "longitud": -70.6512777 }, "geometry": { "type": "Point", "coordinates": [ -70.6512777, -33.4374154 ] } },
{ "type": "Feature", "properties": { "equipo": "PZA-99b2ad", "estacion": "PZA", "nombre_estacion": "Plaza de Armas L3", "linea": "Línea 3", "latitud": -33.4374154, "longitud": -70.6512777 }, "geometry": { "type": "Point", "coordinates": [ -70.6512777, -33.4374154 ] } },
{ "type": "Feature", "properties": { "equipo": "PZA-c4a797", "estacion": "PZA", "nombre_estacion": "Plaza de Armas L3", "linea": "Línea 3", "latitud": -33.4374154, "longitud": -70.6512777 }, "geometry": { "type": "Point", "coordinates": [ -70.6512777, -33.4374154 ] } },
{ "type": "Feature", "properties": { "equipo": "PZA-c7e75b", "estacion": "PZA", "nombre_estacion": "Plaza de Armas L3", "linea": "Línea 3", "latitud": -33.4374154, "longitud": -70.6512777 }, "geometry": { "type": "Point", "coordinates": [ -70.6512777, -33.4374154 ] } },
{ "type": "Feature", "properties": { "equipo": "PZA-ce0083", "estacion": "PZA", "nombre_estacion": "Plaza de Armas L3", "linea": "Línea 3", "latitud": -33.4374154, "longitud": -70.6512777 }, "geometry": { "type": "Point", "coordinates": [ -70.6512777, -33.4374154 ] } },
{ "type": "Feature", "properties": { "equipo": "PZA-d4b8ac", "estacion": "PZA", "nombre_estacion": "Plaza de Armas L3", "linea": "Línea 3", "latitud": -33.4374154, "longitud": -70.6512777 }, "geometry": { "type": "Point", "coordinates": [ -70.6512777, -33.4374154 ] } },
{ "type": "Feature", "properties": { "equipo": "PZA-e47d10", "estacion": "PZA", "nombre_estacion": "Plaza de Armas L3", "linea": "Línea 3", "latitud": -33.4374154, "longitud": -70.6512777 }, "geometry": { "type": "Point", "coordinates": [ -70.6512777, -33.4374154 ] } },
{ "type": "Feature", "properties": { "equipo": "PZA-ea1b1c", "estacion": "PZA", "nombre_estacion": "Plaza de Armas L3", "linea": "Línea 3", "latitud": -33.4374154, "longitud": -70.6512777 }, "geometry": { "type": "Point", "coordinates": [ -70.6512777, -33.4374154 ] } },
{ "type": "Feature", "properties": { "equipo": "PZA-fa95d2", "estacion": "PZA", "nombre_estacion": "Plaza de Armas L3", "linea": "Línea 3", "latitud": -33.4374154, "longitud": -70.6512777 }, "geometry": { "type": "Point", "coordinates": [ -70.6512777, -33.4374154 ] } },
{ "type": "Feature", "properties": { "equipo": "PZA-fd4693", "estacion": "PZA", "nombre_estacion": "Plaza de Armas L3", "linea": "Línea 3", "latitud": -33.4374154, "longitud": -70.6512777 }, "geometry": { "type": "Point", "coordinates": [ -70.6512777, -33.4374154 ] } },
{ "type": "Feature", "properties": { "equipo": "PZA-fd893e", "estacion": "PZA", "nombre_estacion": "Plaza de Armas L3", "linea": "Línea 3", "latitud": -33.4374154, "longitud": -70.6512777 }, "geometry": { "type": "Point", "coordinates": [ -70.6512777, -33.4374154 ] } },
{ "type": "Feature", "properties": { "equipo": "UCH-015c05", "estacion": "UCH", "nombre_estacion": "Universidad de Chile L3", "linea": "Línea 3", "latitud": -33.444159, "longitud": -70.651832 }, "geometry": { "type": "Point", "coordinates": [ -70.6506654, -33.443867 ] } },
{ "type": "Feature", "properties": { "equipo": "UCH-07faa0", "estacion": "UCH", "nombre_estacion": "Universidad de Chile L3", "linea": "Línea 3", "latitud": -33.444159, "longitud": -70.651832 }, "geometry": { "type": "Point", "coordinates": [ -70.6506654, -33.443867 ] } },
{ "type": "Feature", "properties": { "equipo": "UCH-15c707", "estacion": "UCH", "nombre_estacion": "Universidad de Chile L3", "linea": "Línea 3", "latitud": -33.444159, "longitud": -70.651832 }, "geometry": { "type": "Point", "coordinates": [ -70.6506654, -33.443867 ] } },
{ "type": "Feature", "properties": { "equipo": "UCH-1d15e5", "estacion": "UCH", "nombre_estacion": "Universidad de Chile L3", "linea": "Línea 3", "latitud": -33.444159, "longitud": -70.651832 }, "geometry": { "type": "Point", "coordinates": [ -70.6506654, -33.443867 ] } },
{ "type": "Feature", "properties": { "equipo": "UCH-1ffee5", "estacion": "UCH", "nombre_estacion": "Universidad de Chile L3", "linea": "Línea 3", "latitud": -33.444159, "longitud": -70.651832 }, "geometry": { "type": "Point", "coordinates": [ -70.6506654, -33.443867 ] } },
{ "type": "Feature", "properties": { "equipo": "UCH-25c81a", "estacion": "UCH", "nombre_estacion": "Universidad de Chile L3", "linea": "Línea 3", "latitud": -33.444159, "longitud": -70.651832 }, "geometry": { "type": "Point", "coordinates": [ -70.6506654, -33.443867 ] } },
{ "type": "Feature", "properties": { "equipo": "UCH-2cb6a8", "estacion": "UCH", "nombre_estacion": "Universidad de Chile L3", "linea": "Línea 3", "latitud": -33.444159, "longitud": -70.651832 }, "geometry": { "type": "Point", "coordinates": [ -70.6506654, -33.443867 ] } },
{ "type": "Feature", "properties": { "equipo": "UCH-4f85d9", "estacion": "UCH", "nombre_estacion": "Universidad de Chile L3", "linea": "Línea 3", "latitud": -33.444159, "longitud": -70.651832 }, "geometry": { "type": "Point", "coordinates": [ -70.6506654, -33.443867 ] } },
{ "type": "Feature", "properties": { "equipo": "UCH-5379fe", "estacion": "UCH", "nombre_estacion": "Universidad de Chile L3", "linea": "Línea 3", "latitud": -33.444159, "longitud": -70.651832 }, "geometry": { "type": "Point", "coordinates": [ -70.6506654, -33.443867 ] } },
{ "type": "Feature", "properties": { "equipo": "UCH-5bc7e3", "estacion": "UCH", "nombre_estacion": "Universidad de Chile L3", "linea": "Línea 3", "latitud": -33.444159, "longitud": -70.651832 }, "geometry": { "type": "Point", "coordinates": [ -70.6506654, -33.443867 ] } },
{ "type": "Feature", "properties": { "equipo": "UCH-5c994d", "estacion": "UCH", "nombre_estacion": "Universidad de Chile L3", "linea": "Línea 3", "latitud": -33.444159, "longitud": -70.651832 }, "geometry": { "type": "Point", "coordinates": [ -70.6506654, -33.443867 ] } },
{ "type": "Feature", "properties": { "equipo": "UCH-88cbed", "estacion": "UCH", "nombre_estacion": "Universidad de Chile L3", "linea": "Línea 3", "latitud": -33.444159, "longitud": -70.651832 }, "geometry": { "type": "Point", "coordinates": [ -70.6506654, -33.443867 ] } },
{ "type": "Feature", "properties": { "equipo": "UCH-919f31", "estacion": "UCH", "nombre_estacion": "Universidad de Chile L3", "linea": "Línea 3", "latitud": -33.444159, "longitud": -70.651832 }, "geometry": { "type": "Point", "coordinates": [ -70.6506654, -33.443867 ] } },
{ "type": "Feature", "properties": { "equipo": "UCH-9d7443", "estacion": "UCH", "nombre_estacion": "Universidad de Chile L3", "linea": "Línea 3", "latitud": -33.444159, "longitud": -70.651832 }, "geometry": { "type": "Point", "coordinates": [ -70.6506654, -33.443867 ] } },
{ "type": "Feature", "properties": { "equipo": "UCH-9dcf40", "estacion": "UCH", "nombre_estacion": "Universidad de Chile L3", "linea": "Línea 3", "latitud": -33.444159, "longitud": -70.651832 }, "geometry": { "type": "Point", "coordinates": [ -70.6506654, -33.443867 ] } },
{ "type": "Feature", "properties": { "equipo": "UCH-9f0d1c", "estacion": "UCH", "nombre_estacion": "Universidad de Chile L3", "linea": "Línea 3", "latitud": -33.444159, "longitud": -70.651832 }, "geometry": { "type": "Point", "coordinates": [ -70.6506654, -33.443867 ] } },
{ "type": "Feature", "properties": { "equipo": "UCH-cb5157", "estacion": "UCH", "nombre_estacion": "Universidad de Chile L3", "linea": "Línea 3", "latitud": -33.444159, "longitud": -70.651832 }, "geometry": { "type": "Point", "coordinates": [ -70.6506654, -33.443867 ] } },
{ "type": "Feature", "properties": { "equipo": "UCH-efd8ce", "estacion": "UCH", "nombre_estacion": "Universidad de Chile L3", "linea": "Línea 3", "latitud": -33.444159, "longitud": -70.651832 }, "geometry": { "type": "Point", "coordinates": [ -70.6506654, -33.443867 ] } },
{ "type": "Feature", "properties": { "equipo": "UCH-f53609", "estacion": "UCH", "nombre_estacion": "Universidad de Chile L3", "linea": "Línea 3", "latitud": -33.444159, "longitud": -70.651832 }, "geometry": { "type": "Point", "coordinates": [ -70.6506654, -33.443867 ] } },
{ "type": "Feature", "properties": { "equipo": "UCH-f776b1", "estacion": "UCH", "nombre_estacion": "Universidad de Chile L3", "linea": "Línea 3", "latitud": -33.444159, "longitud": -70.651832 }, "geometry": { "type": "Point", "coordinates": [ -70.6506654, -33.443867 ] } },
{ "type": "Feature", "properties": { "equipo": "UCH-f8fff7", "estacion": "UCH", "nombre_estacion": "Universidad de Chile L3", "linea": "Línea 3", "latitud": -33.444159, "longitud": -70.651832 }, "geometry": { "type": "Point", "coordinates": [ -70.6506654, -33.443867 ] } },
{ "type": "Feature", "properties": { "equipo": "PCA-043c83", "estacion": "PCA", "nombre_estacion": "Puente Cal y Canto L3", "linea": "Línea 3", "latitud": -33.4328384, "longitud": -70.6530774 }, "geometry": { "type": "Point", "coordinates": [ -70.6530774, -33.4328384 ] } },
{ "type": "Feature", "properties": { "equipo": "PCA-509a8a", "estacion": "PCA", "nombre_estacion": "Puente Cal y Canto L3", "linea": "Línea 3", "latitud": -33.4328384, "longitud": -70.6530774 }, "geometry": { "type": "Point", "coordinates": [ -70.6530774, -33.4328384 ] } },
{ "type": "Feature", "properties": { "equipo": "PCA-548850", "estacion": "PCA", "nombre_estacion": "Puente Cal y Canto L3", "linea": "Línea 3", "latitud": -33.4328384, "longitud": -70.6530774 }, "geometry": { "type": "Point", "coordinates": [ -70.6530774, -33.4328384 ] } },
{ "type": "Feature", "properties": { "equipo": "PCA-62569d", "estacion": "PCA", "nombre_estacion": "Puente Cal y Canto L3", "linea": "Línea 3", "latitud": -33.4328384, "longitud": -70.6530774 }, "geometry": { "type": "Point", "coordinates": [ -70.6530774, -33.4328384 ] } },
{ "type": "Feature", "properties": { "equipo": "PCA-6568f9", "estacion": "PCA", "nombre_estacion": "Puente Cal y Canto L3", "linea": "Línea 3", "latitud": -33.4328384, "longitud": -70.6530774 }, "geometry": { "type": "Point", "coordinates": [ -70.6530774, -33.4328384 ] } },
{ "type": "Feature", "properties": { "equipo": "PCA-8a65ab", "estacion": "PCA", "nombre_estacion": "Puente Cal y Canto L3", "linea": "Línea 3", "latitud": -33.4328384, "longitud": -70.6530774 }, "geometry": { "type": "Point", "coordinates": [ -70.6530774, -33.4328384 ] } },
{ "type": "Feature", "properties": { "equipo": "PCA-919f31", "estacion": "PCA", "nombre_estacion": "Puente Cal y Canto L3", "linea": "Línea 3", "latitud": -33.4328384, "longitud": -70.6530774 }, "geometry": { "type": "Point", "coordinates": [ -70.6530774, -33.4328384 ] } },
{ "type": "Feature", "properties": { "equipo": "PCA-a13f06", "estacion": "PCA", "nombre_estacion": "Puente Cal y Canto L3", "linea": "Línea 3", "latitud": -33.4328384, "longitud": -70.6530774 }, "geometry": { "type": "Point", "coordinates": [ -70.6530774, -33.4328384 ] } },
{ "type": "Feature", "properties": { "equipo": "PCA-a4e195", "estacion": "PCA", "nombre_estacion": "Puente Cal y Canto L3", "linea": "Línea 3", "latitud": -33.4328384, "longitud": -70.6530774 }, "geometry": { "type": "Point", "coordinates": [ -70.6530774, -33.4328384 ] } },
{ "type": "Feature", "properties": { "equipo": "PCA-bf0a37", "estacion": "PCA", "nombre_estacion": "Puente Cal y Canto L3", "linea": "Línea 3", "latitud": -33.4328384, "longitud": -70.6530774 }, "geometry": { "type": "Point", "coordinates": [ -70.6530774, -33.4328384 ] } },
{ "type": "Feature", "properties": { "equipo": "PCA-e3fa8d", "estacion": "PCA", "nombre_estacion": "Puente Cal y Canto L3", "linea": "Línea 3", "latitud": -33.4328384, "longitud": -70.6530774 }, "geometry": { "type": "Point", "coordinates": [ -70.6530774, -33.4328384 ] } },
{ "type": "Feature", "properties": { "equipo": "PCA-f697e2", "estacion": "PCA", "nombre_estacion": "Puente Cal y Canto L3", "linea": "Línea 3", "latitud": -33.4328384, "longitud": -70.6530774 }, "geometry": { "type": "Point", "coordinates": [ -70.6530774, -33.4328384 ] } },
{ "type": "Feature", "properties": { "equipo": "PCA-f742b4", "estacion": "PCA", "nombre_estacion": "Puente Cal y Canto L3", "linea": "Línea 3", "latitud": -33.4328384, "longitud": -70.6530774 }, "geometry": { "type": "Point", "coordinates": [ -70.6530774, -33.4328384 ] } },
{ "type": "Feature", "properties": { "equipo": "HOS-0eb044", "estacion": "HOS", "nombre_estacion": "Hospitales", "linea": "Línea 3", "latitud": -33.4176739, "longitud": -70.6564558 }, "geometry": { "type": "Point", "coordinates": [ -70.6564558, -33.4176739 ] } },
{ "type": "Feature", "properties": { "equipo": "HOS-0fd2d0", "estacion": "HOS", "nombre_estacion": "Hospitales", "linea": "Línea 3", "latitud": -33.4176739, "longitud": -70.6564558 }, "geometry": { "type": "Point", "coordinates": [ -70.6564558, -33.4176739 ] } },
{ "type": "Feature", "properties": { "equipo": "HOS-374766", "estacion": "HOS", "nombre_estacion": "Hospitales", "linea": "Línea 3", "latitud": -33.4176739, "longitud": -70.6564558 }, "geometry": { "type": "Point", "coordinates": [ -70.6564558, -33.4176739 ] } },
{ "type": "Feature", "properties": { "equipo": "HOS-80f1b3", "estacion": "HOS", "nombre_estacion": "Hospitales", "linea": "Línea 3", "latitud": -33.4176739, "longitud": -70.6564558 }, "geometry": { "type": "Point", "coordinates": [ -70.6564558, -33.4176739 ] } },
{ "type": "Feature", "properties": { "equipo": "HOS-bfda4d", "estacion": "HOS", "nombre_estacion": "Hospitales", "linea": "Línea 3", "latitud": -33.4176739, "longitud": -70.6564558 }, "geometry": { "type": "Point", "coordinates": [ -70.6564558, -33.4176739 ] } },
{ "type": "Feature", "properties": { "equipo": "HOS-c9011b", "estacion": "HOS", "nombre_estacion": "Hospitales", "linea": "Línea 3", "latitud": -33.4176739, "longitud": -70.6564558 }, "geometry": { "type": "Point", "coordinates": [ -70.6564558, -33.4176739 ] } },
{ "type": "Feature", "properties": { "equipo": "HOS-fa222d", "estacion": "HOS", "nombre_estacion": "Hospitales", "linea": "Línea 3", "latitud": -33.4176739, "longitud": -70.6564558 }, "geometry": { "type": "Point", "coordinates": [ -70.6564558, -33.4176739 ] } },
{ "type": "Feature", "properties": { "equipo": "CCH-047349", "estacion": "CCH", "nombre_estacion": "Conchalí", "linea": "Línea 3", "latitud": -33.3978904, "longitud": -70.6695999 }, "geometry": { "type": "Point", "coordinates": [ -70.6695999, -33.3978904 ] } },
{ "type": "Feature", "properties": { "equipo": "CCH-0eb044", "estacion": "CCH", "nombre_estacion": "Conchalí", "linea": "Línea 3", "latitud": -33.3978904, "longitud": -70.6695999 }, "geometry": { "type": "Point", "coordinates": [ -70.6695999, -33.3978904 ] } },
{ "type": "Feature", "properties": { "equipo": "CCH-1ecb53", "estacion": "CCH", "nombre_estacion": "Conchalí", "linea": "Línea 3", "latitud": -33.3978904, "longitud": -70.6695999 }, "geometry": { "type": "Point", "coordinates": [ -70.6695999, -33.3978904 ] } },
{ "type": "Feature", "properties": { "equipo": "CCH-4e0c91", "estacion": "CCH", "nombre_estacion": "Conchalí", "linea": "Línea 3", "latitud": -33.3978904, "longitud": -70.6695999 }, "geometry": { "type": "Point", "coordinates": [ -70.6695999, -33.3978904 ] } },
{ "type": "Feature", "properties": { "equipo": "CCH-5aebcf", "estacion": "CCH", "nombre_estacion": "Conchalí", "linea": "Línea 3", "latitud": -33.3978904, "longitud": -70.6695999 }, "geometry": { "type": "Point", "coordinates": [ -70.6695999, -33.3978904 ] } },
{ "type": "Feature", "properties": { "equipo": "CCH-c9011b", "estacion": "CCH", "nombre_estacion": "Conchalí", "linea": "Línea 3", "latitud": -33.3978904, "longitud": -70.6695999 }, "geometry": { "type": "Point", "coordinates": [ -70.6695999, -33.3978904 ] } },
{ "type": "Feature", "properties": { "equipo": "PZC-0eb044", "estacion": "PZC", "nombre_estacion": "Plaza Chacabuco", "linea": "Línea 3", "latitud": -33.4067715, "longitud": -70.6609686 }, "geometry": { "type": "Point", "coordinates": [ -70.6609686, -33.4067715 ] } },
{ "type": "Feature", "properties": { "equipo": "PZC-3686c2", "estacion": "PZC", "nombre_estacion": "Plaza Chacabuco", "linea": "Línea 3", "latitud": -33.4067715, "longitud": -70.6609686 }, "geometry": { "type": "Point", "coordinates": [ -70.6609686, -33.4067715 ] } },
{ "type": "Feature", "properties": { "equipo": "PZC-374766", "estacion": "PZC", "nombre_estacion": "Plaza Chacabuco", "linea": "Línea 3", "latitud": -33.4067715, "longitud": -70.6609686 }, "geometry": { "type": "Point", "coordinates": [ -70.6609686, -33.4067715 ] } },
{ "type": "Feature", "properties": { "equipo": "PZC-722020", "estacion": "PZC", "nombre_estacion": "Plaza Chacabuco", "linea": "Línea 3", "latitud": -33.4067715, "longitud": -70.6609686 }, "geometry": { "type": "Point", "coordinates": [ -70.6609686, -33.4067715 ] } },
{ "type": "Feature", "properties": { "equipo": "PZC-c01778", "estacion": "PZC", "nombre_estacion": "Plaza Chacabuco", "linea": "Línea 3", "latitud": -33.4067715, "longitud": -70.6609686 }, "geometry": { "type": "Point", "coordinates": [ -70.6609686, -33.4067715 ] } },
{ "type": "Feature", "properties": { "equipo": "PZC-c9011b", "estacion": "PZC", "nombre_estacion": "Plaza Chacabuco", "linea": "Línea 3", "latitud": -33.4067715, "longitud": -70.6609686 }, "geometry": { "type": "Point", "coordinates": [ -70.6609686, -33.4067715 ] } },
{ "type": "Feature", "properties": { "equipo": "VIV-047349", "estacion": "VIV", "nombre_estacion": "Vivaceta", "linea": "Línea 3", "latitud": -33.3853813, "longitud": -70.6796401 }, "geometry": { "type": "Point", "coordinates": [ -70.6796401, -33.3853813 ] } },
{ "type": "Feature", "properties": { "equipo": "VIV-0eb044", "estacion": "VIV", "nombre_estacion": "Vivaceta", "linea": "Línea 3", "latitud": -33.3853813, "longitud": -70.6796401 }, "geometry": { "type": "Point", "coordinates": [ -70.6796401, -33.3853813 ] } },
{ "type": "Feature", "properties": { "equipo": "VIV-1ecb53", "estacion": "VIV", "nombre_estacion": "Vivaceta", "linea": "Línea 3", "latitud": -33.3853813, "longitud": -70.6796401 }, "geometry": { "type": "Point", "coordinates": [ -70.6796401, -33.3853813 ] } },
{ "type": "Feature", "properties": { "equipo": "VIV-374766", "estacion": "VIV", "nombre_estacion": "Vivaceta", "linea": "Línea 3", "latitud": -33.3853813, "longitud": -70.6796401 }, "geometry": { "type": "Point", "coordinates": [ -70.6796401, -33.3853813 ] } },
{ "type": "Feature", "properties": { "equipo": "VIV-c9011b", "estacion": "VIV", "nombre_estacion": "Vivaceta", "linea": "Línea 3", "latitud": -33.3853813, "longitud": -70.6796401 }, "geometry": { "type": "Point", "coordinates": [ -70.6796401, -33.3853813 ] } },
{ "type": "Feature", "properties": { "equipo": "VIV-f52e07", "estacion": "VIV", "nombre_estacion": "Vivaceta", "linea": "Línea 3", "latitud": -33.3853813, "longitud": -70.6796401 }, "geometry": { "type": "Point", "coordinates": [ -70.6796401, -33.3853813 ] } },
{ "type": "Feature", "properties": { "equipo": "CAR-047349", "estacion": "CAR", "nombre_estacion": "Cardenal Caro", "linea": "Línea 3", "latitud": -33.3732586, "longitud": -70.6863362 }, "geometry": { "type": "Point", "coordinates": [ -70.6863362, -33.3732586 ] } },
{ "type": "Feature", "properties": { "equipo": "CAR-0eb044", "estacion": "CAR", "nombre_estacion": "Cardenal Caro", "linea": "Línea 3", "latitud": -33.3732586, "longitud": -70.6863362 }, "geometry": { "type": "Point", "coordinates": [ -70.6863362, -33.3732586 ] } },
{ "type": "Feature", "properties": { "equipo": "CAR-1ecb53", "estacion": "CAR", "nombre_estacion": "Cardenal Caro", "linea": "Línea 3", "latitud": -33.3732586, "longitud": -70.6863362 }, "geometry": { "type": "Point", "coordinates": [ -70.6863362, -33.3732586 ] } },
{ "type": "Feature", "properties": { "equipo": "CAR-374766", "estacion": "CAR", "nombre_estacion": "Cardenal Caro", "linea": "Línea 3", "latitud": -33.3732586, "longitud": -70.6863362 }, "geometry": { "type": "Point", "coordinates": [ -70.6863362, -33.3732586 ] } },
{ "type": "Feature", "properties": { "equipo": "CAR-54da48", "estacion": "CAR", "nombre_estacion": "Cardenal Caro", "linea": "Línea 3", "latitud": -33.3732586, "longitud": -70.6863362 }, "geometry": { "type": "Point", "coordinates": [ -70.6863362, -33.3732586 ] } },
{ "type": "Feature", "properties": { "equipo": "CAR-c9011b", "estacion": "CAR", "nombre_estacion": "Cardenal Caro", "linea": "Línea 3", "latitud": -33.3732586, "longitud": -70.6863362 }, "geometry": { "type": "Point", "coordinates": [ -70.6863362, -33.3732586 ] } },
{ "type": "Feature", "properties": { "equipo": "FER-2791eb", "estacion": "FER", "nombre_estacion": "Ferrocarril", "linea": "Línea 3", "latitud": -33.3654667, "longitud": -70.7055375 }, "geometry": { "type": "Point", "coordinates": [ -70.7055375, -33.3654667 ] } },
{ "type": "Feature", "properties": { "equipo": "FER-4cba08", "estacion": "FER", "nombre_estacion": "Ferrocarril", "linea": "Línea 3", "latitud": -33.3654667, "longitud": -70.7055375 }, "geometry": { "type": "Point", "coordinates": [ -70.7055375, -33.3654667 ] } },
{ "type": "Feature", "properties": { "equipo": "FER-78dc7e", "estacion": "FER", "nombre_estacion": "Ferrocarril", "linea": "Línea 3", "latitud": -33.3654667, "longitud": -70.7055375 }, "geometry": { "type": "Point", "coordinates": [ -70.7055375, -33.3654667 ] } },
{ "type": "Feature", "properties": { "equipo": "FER-81c30a", "estacion": "FER", "nombre_estacion": "Ferrocarril", "linea": "Línea 3", "latitud": -33.3654667, "longitud": -70.7055375 }, "geometry": { "type": "Point", "coordinates": [ -70.7055375, -33.3654667 ] } },
{ "type": "Feature", "properties": { "equipo": "FER-8721e1", "estacion": "FER", "nombre_estacion": "Ferrocarril", "linea": "Línea 3", "latitud": -33.3654667, "longitud": -70.7055375 }, "geometry": { "type": "Point", "coordinates": [ -70.7055375, -33.3654667 ] } },
{ "type": "Feature", "properties": { "equipo": "LIB-203027", "estacion": "LIB", "nombre_estacion": "Los Libertadores", "linea": "Línea 3", "latitud": -33.3654303, "longitud": -70.6919903 }, "geometry": { "type": "Point", "coordinates": [ -70.6919903, -33.3654303 ] } },
{ "type": "Feature", "properties": { "equipo": "LIB-345989", "estacion": "LIB", "nombre_estacion": "Los Libertadores", "linea": "Línea 3", "latitud": -33.3654303, "longitud": -70.6919903 }, "geometry": { "type": "Point", "coordinates": [ -70.6919903, -33.3654303 ] } },
{ "type": "Feature", "properties": { "equipo": "LIB-3a4837", "estacion": "LIB", "nombre_estacion": "Los Libertadores", "linea": "Línea 3", "latitud": -33.3654303, "longitud": -70.6919903 }, "geometry": { "type": "Point", "coordinates": [ -70.6919903, -33.3654303 ] } },
{ "type": "Feature", "properties": { "equipo": "LIB-4dc622", "estacion": "LIB", "nombre_estacion": "Los Libertadores", "linea": "Línea 3", "latitud": -33.3654303, "longitud": -70.6919903 }, "geometry": { "type": "Point", "coordinates": [ -70.6919903, -33.3654303 ] } },
{ "type": "Feature", "properties": { "equipo": "LIB-5a3858", "estacion": "LIB", "nombre_estacion": "Los Libertadores", "linea": "Línea 3", "latitud": -33.3654303, "longitud": -70.6919903 }, "geometry": { "type": "Point", "coordinates": [ -70.6919903, -33.3654303 ] } },
{ "type": "Feature", "properties": { "equipo": "LIB-672ab2", "estacion": "LIB", "nombre_estacion": "Los Libertadores", "linea": "Línea 3", "latitud": -33.3654303, "longitud": -70.6919903 }, "geometry": { "type": "Point", "coordinates": [ -70.6919903, -33.3654303 ] } },
{ "type": "Feature", "properties": { "equipo": "LIB-7180ac", "estacion": "LIB", "nombre_estacion": "Los Libertadores", "linea": "Línea 3", "latitud": -33.3654303, "longitud": -70.6919903 }, "geometry": { "type": "Point", "coordinates": [ -70.6919903, -33.3654303 ] } },
{ "type": "Feature", "properties": { "equipo": "LIB-7b6663", "estacion": "LIB", "nombre_estacion": "Los Libertadores", "linea": "Línea 3", "latitud": -33.3654303, "longitud": -70.6919903 }, "geometry": { "type": "Point", "coordinates": [ -70.6919903, -33.3654303 ] } },
{ "type": "Feature", "properties": { "equipo": "LIB-83355e", "estacion": "LIB", "nombre_estacion": "Los Libertadores", "linea": "Línea 3", "latitud": -33.3654303, "longitud": -70.6919903 }, "geometry": { "type": "Point", "coordinates": [ -70.6919903, -33.3654303 ] } },
{ "type": "Feature", "properties": { "equipo": "LIB-84b927", "estacion": "LIB", "nombre_estacion": "Los Libertadores", "linea": "Línea 3", "latitud": -33.3654303, "longitud": -70.6919903 }, "geometry": { "type": "Point", "coordinates": [ -70.6919903, -33.3654303 ] } },
{ "type": "Feature", "properties": { "equipo": "LIB-86a115", "estacion": "LIB", "nombre_estacion": "Los Libertadores", "linea": "Línea 3", "latitud": -33.3654303, "longitud": -70.6919903 }, "geometry": { "type": "Point", "coordinates": [ -70.6919903, -33.3654303 ] } },
{ "type": "Feature", "properties": { "equipo": "LIB-93b70b", "estacion": "LIB", "nombre_estacion": "Los Libertadores", "linea": "Línea 3", "latitud": -33.3654303, "longitud": -70.6919903 }, "geometry": { "type": "Point", "coordinates": [ -70.6919903, -33.3654303 ] } },
{ "type": "Feature", "properties": { "equipo": "LIB-9679f7", "estacion": "LIB", "nombre_estacion": "Los Libertadores", "linea": "Línea 3", "latitud": -33.3654303, "longitud": -70.6919903 }, "geometry": { "type": "Point", "coordinates": [ -70.6919903, -33.3654303 ] } },
{ "type": "Feature", "properties": { "equipo": "LIB-c43f93", "estacion": "LIB", "nombre_estacion": "Los Libertadores", "linea": "Línea 3", "latitud": -33.3654303, "longitud": -70.6919903 }, "geometry": { "type": "Point", "coordinates": [ -70.6919903, -33.3654303 ] } },
{ "type": "Feature", "properties": { "equipo": "LIB-e08e06", "estacion": "LIB", "nombre_estacion": "Los Libertadores", "linea": "Línea 3", "latitud": -33.3654303, "longitud": -70.6919903 }, "geometry": { "type": "Point", "coordinates": [ -70.6919903, -33.3654303 ] } },
{ "type": "Feature", "properties": { "equipo": "LIB-e6ae45", "estacion": "LIB", "nombre_estacion": "Los Libertadores", "linea": "Línea 3", "latitud": -33.3654303, "longitud": -70.6919903 }, "geometry": { "type": "Point", "coordinates": [ -70.6919903, -33.3654303 ] } },
{ "type": "Feature", "properties": { "equipo": "LCR-2791eb", "estacion": "LCR", "nombre_estacion": "Lo Cruzat", "linea": "Línea 3", "latitud": -33.3668342, "longitud": -70.719772 }, "geometry": { "type": "Point", "coordinates": [ -70.719772, -33.3668342 ] } },
{ "type": "Feature", "properties": { "equipo": "LCR-4cba08", "estacion": "LCR", "nombre_estacion": "Lo Cruzat", "linea": "Línea 3", "latitud": -33.3668342, "longitud": -70.719772 }, "geometry": { "type": "Point", "coordinates": [ -70.719772, -33.3668342 ] } },
{ "type": "Feature", "properties": { "equipo": "LCR-6a39c5", "estacion": "LCR", "nombre_estacion": "Lo Cruzat", "linea": "Línea 3", "latitud": -33.3668342, "longitud": -70.719772 }, "geometry": { "type": "Point", "coordinates": [ -70.719772, -33.3668342 ] } },
{ "type": "Feature", "properties": { "equipo": "LCR-8721e1", "estacion": "LCR", "nombre_estacion": "Lo Cruzat", "linea": "Línea 3", "latitud": -33.3668342, "longitud": -70.719772 }, "geometry": { "type": "Point", "coordinates": [ -70.719772, -33.3668342 ] } },
{ "type": "Feature", "properties": { "equipo": "LCR-eaead3", "estacion": "LCR", "nombre_estacion": "Lo Cruzat", "linea": "Línea 3", "latitud": -33.3668342, "longitud": -70.719772 }, "geometry": { "type": "Point", "coordinates": [ -70.719772, -33.3668342 ] } },
{ "type": "Feature", "properties": { "equipo": "PI-0b46bc", "estacion": "PI", "nombre_estacion": "Hospital El Pino", "linea": "Línea 2", "latitud": -33.5828788, "longitud": -70.6768121 }, "geometry": { "type": "Point", "coordinates": [ -70.6768121, -33.5828788 ] } },
{ "type": "Feature", "properties": { "equipo": "PI-13433f", "estacion": "PI", "nombre_estacion": "Hospital El Pino", "linea": "Línea 2", "latitud": -33.5828788, "longitud": -70.6768121 }, "geometry": { "type": "Point", "coordinates": [ -70.6768121, -33.5828788 ] } },
{ "type": "Feature", "properties": { "equipo": "PI-22f999", "estacion": "PI", "nombre_estacion": "Hospital El Pino", "linea": "Línea 2", "latitud": -33.5828788, "longitud": -70.6768121 }, "geometry": { "type": "Point", "coordinates": [ -70.6768121, -33.5828788 ] } },
{ "type": "Feature", "properties": { "equipo": "PI-373528", "estacion": "PI", "nombre_estacion": "Hospital El Pino", "linea": "Línea 2", "latitud": -33.5828788, "longitud": -70.6768121 }, "geometry": { "type": "Point", "coordinates": [ -70.6768121, -33.5828788 ] } },
{ "type": "Feature", "properties": { "equipo": "PI-4968e3", "estacion": "PI", "nombre_estacion": "Hospital El Pino", "linea": "Línea 2", "latitud": -33.5828788, "longitud": -70.6768121 }, "geometry": { "type": "Point", "coordinates": [ -70.6768121, -33.5828788 ] } },
{ "type": "Feature", "properties": { "equipo": "PI-5b7a1e", "estacion": "PI", "nombre_estacion": "Hospital El Pino", "linea": "Línea 2", "latitud": -33.5828788, "longitud": -70.6768121 }, "geometry": { "type": "Point", "coordinates": [ -70.6768121, -33.5828788 ] } },
{ "type": "Feature", "properties": { "equipo": "PI-8d8fe0", "estacion": "PI", "nombre_estacion": "Hospital El Pino", "linea": "Línea 2", "latitud": -33.5828788, "longitud": -70.6768121 }, "geometry": { "type": "Point", "coordinates": [ -70.6768121, -33.5828788 ] } },
{ "type": "Feature", "properties": { "equipo": "PI-920ace", "estacion": "PI", "nombre_estacion": "Hospital El Pino", "linea": "Línea 2", "latitud": -33.5828788, "longitud": -70.6768121 }, "geometry": { "type": "Point", "coordinates": [ -70.6768121, -33.5828788 ] } },
{ "type": "Feature", "properties": { "equipo": "PI-bb4faf", "estacion": "PI", "nombre_estacion": "Hospital El Pino", "linea": "Línea 2", "latitud": -33.5828788, "longitud": -70.6768121 }, "geometry": { "type": "Point", "coordinates": [ -70.6768121, -33.5828788 ] } },
{ "type": "Feature", "properties": { "equipo": "PI-c57559", "estacion": "PI", "nombre_estacion": "Hospital El Pino", "linea": "Línea 2", "latitud": -33.5828788, "longitud": -70.6768121 }, "geometry": { "type": "Point", "coordinates": [ -70.6768121, -33.5828788 ] } },
{ "type": "Feature", "properties": { "equipo": "PI-c8c77c", "estacion": "PI", "nombre_estacion": "Hospital El Pino", "linea": "Línea 2", "latitud": -33.5828788, "longitud": -70.6768121 }, "geometry": { "type": "Point", "coordinates": [ -70.6768121, -33.5828788 ] } },
{ "type": "Feature", "properties": { "equipo": "PI-d2fd8e", "estacion": "PI", "nombre_estacion": "Hospital El Pino", "linea": "Línea 2", "latitud": -33.5828788, "longitud": -70.6768121 }, "geometry": { "type": "Point", "coordinates": [ -70.6768121, -33.5828788 ] } },
{ "type": "Feature", "properties": { "equipo": "PI-e47205", "estacion": "PI", "nombre_estacion": "Hospital El Pino", "linea": "Línea 2", "latitud": -33.5828788, "longitud": -70.6768121 }, "geometry": { "type": "Point", "coordinates": [ -70.6768121, -33.5828788 ] } },
{ "type": "Feature", "properties": { "equipo": "PI-edae62", "estacion": "PI", "nombre_estacion": "Hospital El Pino", "linea": "Línea 2", "latitud": -33.5828788, "longitud": -70.6768121 }, "geometry": { "type": "Point", "coordinates": [ -70.6768121, -33.5828788 ] } },
{ "type": "Feature", "properties": { "equipo": "PQU-15104f", "estacion": "PQU", "nombre_estacion": "Plaza Quilicura", "linea": "Línea 3", "latitud": -33.3657194, "longitud": -70.7288942 }, "geometry": { "type": "Point", "coordinates": [ -70.7288942, -33.3657194 ] } },
{ "type": "Feature", "properties": { "equipo": "PQU-2791eb", "estacion": "PQU", "nombre_estacion": "Plaza Quilicura", "linea": "Línea 3", "latitud": -33.3657194, "longitud": -70.7288942 }, "geometry": { "type": "Point", "coordinates": [ -70.7288942, -33.3657194 ] } },
{ "type": "Feature", "properties": { "equipo": "PQU-42806a", "estacion": "PQU", "nombre_estacion": "Plaza Quilicura", "linea": "Línea 3", "latitud": -33.3657194, "longitud": -70.7288942 }, "geometry": { "type": "Point", "coordinates": [ -70.7288942, -33.3657194 ] } },
{ "type": "Feature", "properties": { "equipo": "PQU-549462", "estacion": "PQU", "nombre_estacion": "Plaza Quilicura", "linea": "Línea 3", "latitud": -33.3657194, "longitud": -70.7288942 }, "geometry": { "type": "Point", "coordinates": [ -70.7288942, -33.3657194 ] } },
{ "type": "Feature", "properties": { "equipo": "PQU-85842e", "estacion": "PQU", "nombre_estacion": "Plaza Quilicura", "linea": "Línea 3", "latitud": -33.3657194, "longitud": -70.7288942 }, "geometry": { "type": "Point", "coordinates": [ -70.7288942, -33.3657194 ] } },
{ "type": "Feature", "properties": { "equipo": "PQU-86f381", "estacion": "PQU", "nombre_estacion": "Plaza Quilicura", "linea": "Línea 3", "latitud": -33.3657194, "longitud": -70.7288942 }, "geometry": { "type": "Point", "coordinates": [ -70.7288942, -33.3657194 ] } },
{ "type": "Feature", "properties": { "equipo": "PQU-8721e1", "estacion": "PQU", "nombre_estacion": "Plaza Quilicura", "linea": "Línea 3", "latitud": -33.3657194, "longitud": -70.7288942 }, "geometry": { "type": "Point", "coordinates": [ -70.7288942, -33.3657194 ] } },
{ "type": "Feature", "properties": { "equipo": "PQU-8e52c9", "estacion": "PQU", "nombre_estacion": "Plaza Quilicura", "linea": "Línea 3", "latitud": -33.3657194, "longitud": -70.7288942 }, "geometry": { "type": "Point", "coordinates": [ -70.7288942, -33.3657194 ] } },
{ "type": "Feature", "properties": { "equipo": "PQU-d47abb", "estacion": "PQU", "nombre_estacion": "Plaza Quilicura", "linea": "Línea 3", "latitud": -33.3657194, "longitud": -70.7288942 }, "geometry": { "type": "Point", "coordinates": [ -70.7288942, -33.3657194 ] } },
{ "type": "Feature", "properties": { "equipo": "PQU-e11f91", "estacion": "PQU", "nombre_estacion": "Plaza Quilicura", "linea": "Línea 3", "latitud": -33.3657194, "longitud": -70.7288942 }, "geometry": { "type": "Point", "coordinates": [ -70.7288942, -33.3657194 ] } },
{ "type": "Feature", "properties": { "equipo": "PQU-e1cb2d", "estacion": "PQU", "nombre_estacion": "Plaza Quilicura", "linea": "Línea 3", "latitud": -33.3657194, "longitud": -70.7288942 }, "geometry": { "type": "Point", "coordinates": [ -70.7288942, -33.3657194 ] } },
{ "type": "Feature", "properties": { "equipo": "PQU-f0acac", "estacion": "PQU", "nombre_estacion": "Plaza Quilicura", "linea": "Línea 3", "latitud": -33.3657194, "longitud": -70.7288942 }, "geometry": { "type": "Point", "coordinates": [ -70.7288942, -33.3657194 ] } },
{ "type": "Feature", "properties": { "equipo": "PQU-ffbc66", "estacion": "PQU", "nombre_estacion": "Plaza Quilicura", "linea": "Línea 3", "latitud": -33.3657194, "longitud": -70.7288942 }, "geometry": { "type": "Point", "coordinates": [ -70.7288942, -33.3657194 ] } },
{ "type": "Feature", "properties": { "equipo": "CM-0cad94", "estacion": "CM", "nombre_estacion": "Copa Lo Martinez", "linea": "Línea 2", "latitud": -33.5706669, "longitud": -70.6733824 }, "geometry": { "type": "Point", "coordinates": [ -70.6733824, -33.5706669 ] } },
{ "type": "Feature", "properties": { "equipo": "CM-2c9f37", "estacion": "CM", "nombre_estacion": "Copa Lo Martinez", "linea": "Línea 2", "latitud": -33.5706669, "longitud": -70.6733824 }, "geometry": { "type": "Point", "coordinates": [ -70.6733824, -33.5706669 ] } },
{ "type": "Feature", "properties": { "equipo": "CM-426b57", "estacion": "CM", "nombre_estacion": "Copa Lo Martinez", "linea": "Línea 2", "latitud": -33.5706669, "longitud": -70.6733824 }, "geometry": { "type": "Point", "coordinates": [ -70.6733824, -33.5706669 ] } },
{ "type": "Feature", "properties": { "equipo": "CM-9ff167", "estacion": "CM", "nombre_estacion": "Copa Lo Martinez", "linea": "Línea 2", "latitud": -33.5706669, "longitud": -70.6733824 }, "geometry": { "type": "Point", "coordinates": [ -70.6733824, -33.5706669 ] } },
{ "type": "Feature", "properties": { "equipo": "CM-c01778", "estacion": "CM", "nombre_estacion": "Copa Lo Martinez", "linea": "Línea 2", "latitud": -33.5706669, "longitud": -70.6733824 }, "geometry": { "type": "Point", "coordinates": [ -70.6733824, -33.5706669 ] } },
{ "type": "Feature", "properties": { "equipo": "CM-c1bfd4", "estacion": "CM", "nombre_estacion": "Copa Lo Martinez", "linea": "Línea 2", "latitud": -33.5706669, "longitud": -70.6733824 }, "geometry": { "type": "Point", "coordinates": [ -70.6733824, -33.5706669 ] } },
{ "type": "Feature", "properties": { "equipo": "CM-e96cbc", "estacion": "CM", "nombre_estacion": "Copa Lo Martinez", "linea": "Línea 2", "latitud": -33.5706669, "longitud": -70.6733824 }, "geometry": { "type": "Point", "coordinates": [ -70.6733824, -33.5706669 ] } },
{ "type": "Feature", "properties": { "equipo": "EB-426b57", "estacion": "EB", "nombre_estacion": "El Bosque", "linea": "Línea 2", "latitud": -33.5465722, "longitud": -70.6667515 }, "geometry": { "type": "Point", "coordinates": [ -70.6667515, -33.5465722 ] } },
{ "type": "Feature", "properties": { "equipo": "EB-728374", "estacion": "EB", "nombre_estacion": "El Bosque", "linea": "Línea 2", "latitud": -33.5465722, "longitud": -70.6667515 }, "geometry": { "type": "Point", "coordinates": [ -70.6667515, -33.5465722 ] } },
{ "type": "Feature", "properties": { "equipo": "EB-84dce9", "estacion": "EB", "nombre_estacion": "El Bosque", "linea": "Línea 2", "latitud": -33.5465722, "longitud": -70.6667515 }, "geometry": { "type": "Point", "coordinates": [ -70.6667515, -33.5465722 ] } },
{ "type": "Feature", "properties": { "equipo": "EB-9ff167", "estacion": "EB", "nombre_estacion": "El Bosque", "linea": "Línea 2", "latitud": -33.5465722, "longitud": -70.6667515 }, "geometry": { "type": "Point", "coordinates": [ -70.6667515, -33.5465722 ] } },
{ "type": "Feature", "properties": { "equipo": "EB-c15417", "estacion": "EB", "nombre_estacion": "El Bosque", "linea": "Línea 2", "latitud": -33.5465722, "longitud": -70.6667515 }, "geometry": { "type": "Point", "coordinates": [ -70.6667515, -33.5465722 ] } },
{ "type": "Feature", "properties": { "equipo": "OB-426b57", "estacion": "OB", "nombre_estacion": "Observatorio", "linea": "Línea 2", "latitud": -33.560404, "longitud": -70.6705486 }, "geometry": { "type": "Point", "coordinates": [ -70.6705486, -33.560404 ] } },
{ "type": "Feature", "properties": { "equipo": "OB-528057", "estacion": "OB", "nombre_estacion": "Observatorio", "linea": "Línea 2", "latitud": -33.560404, "longitud": -70.6705486 }, "geometry": { "type": "Point", "coordinates": [ -70.6705486, -33.560404 ] } },
{ "type": "Feature", "properties": { "equipo": "OB-54a916", "estacion": "OB", "nombre_estacion": "Observatorio", "linea": "Línea 2", "latitud": -33.560404, "longitud": -70.6705486 }, "geometry": { "type": "Point", "coordinates": [ -70.6705486, -33.560404 ] } },
{ "type": "Feature", "properties": { "equipo": "OB-5f3d48", "estacion": "OB", "nombre_estacion": "Observatorio", "linea": "Línea 2", "latitud": -33.560404, "longitud": -70.6705486 }, "geometry": { "type": "Point", "coordinates": [ -70.6705486, -33.560404 ] } },
{ "type": "Feature", "properties": { "equipo": "OB-8ea168", "estacion": "OB", "nombre_estacion": "Observatorio", "linea": "Línea 2", "latitud": -33.560404, "longitud": -70.6705486 }, "geometry": { "type": "Point", "coordinates": [ -70.6705486, -33.560404 ] } },
{ "type": "Feature", "properties": { "equipo": "OB-9ff167", "estacion": "OB", "nombre_estacion": "Observatorio", "linea": "Línea 2", "latitud": -33.560404, "longitud": -70.6705486 }, "geometry": { "type": "Point", "coordinates": [ -70.6705486, -33.560404 ] } },
{ "type": "Feature", "properties": { "equipo": "OB-a9a7ca", "estacion": "OB", "nombre_estacion": "Observatorio", "linea": "Línea 2", "latitud": -33.560404, "longitud": -70.6705486 }, "geometry": { "type": "Point", "coordinates": [ -70.6705486, -33.560404 ] } },
{ "type": "Feature", "properties": { "equipo": "OB-e2c5c3", "estacion": "OB", "nombre_estacion": "Observatorio", "linea": "Línea 2", "latitud": -33.560404, "longitud": -70.6705486 }, "geometry": { "type": "Point", "coordinates": [ -70.6705486, -33.560404 ] } },
{ "type": "Feature", "properties": { "equipo": "OB-f269fa", "estacion": "OB", "nombre_estacion": "Observatorio", "linea": "Línea 2", "latitud": -33.560404, "longitud": -70.6705486 }, "geometry": { "type": "Point", "coordinates": [ -70.6705486, -33.560404 ] } },
{ "type": "Feature", "properties": { "equipo": "LC-3149bd", "estacion": "LC", "nombre_estacion": "La Cisterna", "linea": "Línea 2", "latitud": -33.5373498, "longitud": -70.6643328 }, "geometry": { "type": "Point", "coordinates": [ -70.6643328, -33.5373498 ] } },
{ "type": "Feature", "properties": { "equipo": "LC-34cc3f", "estacion": "LC", "nombre_estacion": "La Cisterna", "linea": "Línea 2", "latitud": -33.5373498, "longitud": -70.6643328 }, "geometry": { "type": "Point", "coordinates": [ -70.6643328, -33.5373498 ] } },
{ "type": "Feature", "properties": { "equipo": "LC-3a805d", "estacion": "LC", "nombre_estacion": "La Cisterna", "linea": "Línea 2", "latitud": -33.5373498, "longitud": -70.6643328 }, "geometry": { "type": "Point", "coordinates": [ -70.6643328, -33.5373498 ] } },
{ "type": "Feature", "properties": { "equipo": "LC-4e1ee9", "estacion": "LC", "nombre_estacion": "La Cisterna", "linea": "Línea 2", "latitud": -33.5373498, "longitud": -70.6643328 }, "geometry": { "type": "Point", "coordinates": [ -70.6643328, -33.5373498 ] } },
{ "type": "Feature", "properties": { "equipo": "LC-6f9921", "estacion": "LC", "nombre_estacion": "La Cisterna", "linea": "Línea 2", "latitud": -33.5373498, "longitud": -70.6643328 }, "geometry": { "type": "Point", "coordinates": [ -70.6643328, -33.5373498 ] } },
{ "type": "Feature", "properties": { "equipo": "LC-75d1a2", "estacion": "LC", "nombre_estacion": "La Cisterna", "linea": "Línea 2", "latitud": -33.5373498, "longitud": -70.6643328 }, "geometry": { "type": "Point", "coordinates": [ -70.6643328, -33.5373498 ] } },
{ "type": "Feature", "properties": { "equipo": "LC-980edc", "estacion": "LC", "nombre_estacion": "La Cisterna", "linea": "Línea 2", "latitud": -33.5373498, "longitud": -70.6643328 }, "geometry": { "type": "Point", "coordinates": [ -70.6643328, -33.5373498 ] } },
{ "type": "Feature", "properties": { "equipo": "LC-9fa0af", "estacion": "LC", "nombre_estacion": "La Cisterna", "linea": "Línea 2", "latitud": -33.5373498, "longitud": -70.6643328 }, "geometry": { "type": "Point", "coordinates": [ -70.6643328, -33.5373498 ] } },
{ "type": "Feature", "properties": { "equipo": "LC-adf56a", "estacion": "LC", "nombre_estacion": "La Cisterna", "linea": "Línea 2", "latitud": -33.5373498, "longitud": -70.6643328 }, "geometry": { "type": "Point", "coordinates": [ -70.6643328, -33.5373498 ] } },
{ "type": "Feature", "properties": { "equipo": "LC-e07cd0", "estacion": "LC", "nombre_estacion": "La Cisterna", "linea": "Línea 2", "latitud": -33.5373498, "longitud": -70.6643328 }, "geometry": { "type": "Point", "coordinates": [ -70.6643328, -33.5373498 ] } },
{ "type": "Feature", "properties": { "equipo": "LC-fdd299", "estacion": "LC", "nombre_estacion": "La Cisterna", "linea": "Línea 2", "latitud": -33.5373498, "longitud": -70.6643328 }, "geometry": { "type": "Point", "coordinates": [ -70.6643328, -33.5373498 ] } },
{ "type": "Feature", "properties": { "equipo": "EP-426b57", "estacion": "EP", "nombre_estacion": "El Parrón", "linea": "Línea 2", "latitud": -33.5264317, "longitud": -70.6614044 }, "geometry": { "type": "Point", "coordinates": [ -70.6614044, -33.5264317 ] } },
{ "type": "Feature", "properties": { "equipo": "EP-575264", "estacion": "EP", "nombre_estacion": "El Parrón", "linea": "Línea 2", "latitud": -33.5264317, "longitud": -70.6614044 }, "geometry": { "type": "Point", "coordinates": [ -70.6614044, -33.5264317 ] } },
{ "type": "Feature", "properties": { "equipo": "EP-65cfaa", "estacion": "EP", "nombre_estacion": "El Parrón", "linea": "Línea 2", "latitud": -33.5264317, "longitud": -70.6614044 }, "geometry": { "type": "Point", "coordinates": [ -70.6614044, -33.5264317 ] } },
{ "type": "Feature", "properties": { "equipo": "EP-76f84b", "estacion": "EP", "nombre_estacion": "El Parrón", "linea": "Línea 2", "latitud": -33.5264317, "longitud": -70.6614044 }, "geometry": { "type": "Point", "coordinates": [ -70.6614044, -33.5264317 ] } },
{ "type": "Feature", "properties": { "equipo": "EP-7ab96b", "estacion": "EP", "nombre_estacion": "El Parrón", "linea": "Línea 2", "latitud": -33.5264317, "longitud": -70.6614044 }, "geometry": { "type": "Point", "coordinates": [ -70.6614044, -33.5264317 ] } },
{ "type": "Feature", "properties": { "equipo": "EP-9ff167", "estacion": "EP", "nombre_estacion": "El Parrón", "linea": "Línea 2", "latitud": -33.5264317, "longitud": -70.6614044 }, "geometry": { "type": "Point", "coordinates": [ -70.6614044, -33.5264317 ] } },
{ "type": "Feature", "properties": { "equipo": "LO-3a39cb", "estacion": "LO", "nombre_estacion": "Lo Ovalle", "linea": "Línea 2", "latitud": -33.5172701, "longitud": -70.6588205 }, "geometry": { "type": "Point", "coordinates": [ -70.6588205, -33.5172701 ] } },
{ "type": "Feature", "properties": { "equipo": "LO-426b57", "estacion": "LO", "nombre_estacion": "Lo Ovalle", "linea": "Línea 2", "latitud": -33.5172701, "longitud": -70.6588205 }, "geometry": { "type": "Point", "coordinates": [ -70.6588205, -33.5172701 ] } },
{ "type": "Feature", "properties": { "equipo": "LO-9ff167", "estacion": "LO", "nombre_estacion": "Lo Ovalle", "linea": "Línea 2", "latitud": -33.5172701, "longitud": -70.6588205 }, "geometry": { "type": "Point", "coordinates": [ -70.6588205, -33.5172701 ] } },
{ "type": "Feature", "properties": { "equipo": "CN-426b57", "estacion": "CN", "nombre_estacion": "Ciudad del Niño", "linea": "Línea 2", "latitud": -33.5095432, "longitud": -70.6566453 }, "geometry": { "type": "Point", "coordinates": [ -70.6566453, -33.5095432 ] } },
{ "type": "Feature", "properties": { "equipo": "CN-9ff167", "estacion": "CN", "nombre_estacion": "Ciudad del Niño", "linea": "Línea 2", "latitud": -33.5095432, "longitud": -70.6566453 }, "geometry": { "type": "Point", "coordinates": [ -70.6566453, -33.5095432 ] } },
{ "type": "Feature", "properties": { "equipo": "CN-f2c070", "estacion": "CN", "nombre_estacion": "Ciudad del Niño", "linea": "Línea 2", "latitud": -33.5095432, "longitud": -70.6566453 }, "geometry": { "type": "Point", "coordinates": [ -70.6566453, -33.5095432 ] } },
{ "type": "Feature", "properties": { "equipo": "DE-426b57", "estacion": "DE", "nombre_estacion": "Departamental", "linea": "Línea 2", "latitud": -33.5024398, "longitud": -70.6546333 }, "geometry": { "type": "Point", "coordinates": [ -70.6546333, -33.5024398 ] } },
{ "type": "Feature", "properties": { "equipo": "DE-8be8ef", "estacion": "DE", "nombre_estacion": "Departamental", "linea": "Línea 2", "latitud": -33.5024398, "longitud": -70.6546333 }, "geometry": { "type": "Point", "coordinates": [ -70.6546333, -33.5024398 ] } },
{ "type": "Feature", "properties": { "equipo": "DE-9ff167", "estacion": "DE", "nombre_estacion": "Departamental", "linea": "Línea 2", "latitud": -33.5024398, "longitud": -70.6546333 }, "geometry": { "type": "Point", "coordinates": [ -70.6546333, -33.5024398 ] } },
{ "type": "Feature", "properties": { "equipo": "LV-426b57", "estacion": "LV", "nombre_estacion": "Lo Vial", "linea": "Línea 2", "latitud": -33.4968286, "longitud": -70.6530148 }, "geometry": { "type": "Point", "coordinates": [ -70.6530148, -33.4968286 ] } },
{ "type": "Feature", "properties": { "equipo": "LV-6978d9", "estacion": "LV", "nombre_estacion": "Lo Vial", "linea": "Línea 2", "latitud": -33.4968286, "longitud": -70.6530148 }, "geometry": { "type": "Point", "coordinates": [ -70.6530148, -33.4968286 ] } },
{ "type": "Feature", "properties": { "equipo": "LV-9ff167", "estacion": "LV", "nombre_estacion": "Lo Vial", "linea": "Línea 2", "latitud": -33.4968286, "longitud": -70.6530148 }, "geometry": { "type": "Point", "coordinates": [ -70.6530148, -33.4968286 ] } },
{ "type": "Feature", "properties": { "equipo": "SM-426b57", "estacion": "SM", "nombre_estacion": "San Miguel", "linea": "Línea 2", "latitud": -33.4887157, "longitud": -70.6510725 }, "geometry": { "type": "Point", "coordinates": [ -70.6510725, -33.4887157 ] } },
{ "type": "Feature", "properties": { "equipo": "SM-4f0d19", "estacion": "SM", "nombre_estacion": "San Miguel", "linea": "Línea 2", "latitud": -33.4887157, "longitud": -70.6510725 }, "geometry": { "type": "Point", "coordinates": [ -70.6510725, -33.4887157 ] } },
{ "type": "Feature", "properties": { "equipo": "SM-9ff167", "estacion": "SM", "nombre_estacion": "San Miguel", "linea": "Línea 2", "latitud": -33.4887157, "longitud": -70.6510725 }, "geometry": { "type": "Point", "coordinates": [ -70.6510725, -33.4887157 ] } },
{ "type": "Feature", "properties": { "equipo": "LL-426b57", "estacion": "LL", "nombre_estacion": "El Llano", "linea": "Línea 2", "latitud": -33.4826014, "longitud": -70.6493814 }, "geometry": { "type": "Point", "coordinates": [ -70.6493814, -33.4826014 ] } },
{ "type": "Feature", "properties": { "equipo": "LL-9ff167", "estacion": "LL", "nombre_estacion": "El Llano", "linea": "Línea 2", "latitud": -33.4826014, "longitud": -70.6493814 }, "geometry": { "type": "Point", "coordinates": [ -70.6493814, -33.4826014 ] } },
{ "type": "Feature", "properties": { "equipo": "LL-f2c070", "estacion": "LL", "nombre_estacion": "El Llano", "linea": "Línea 2", "latitud": -33.4826014, "longitud": -70.6493814 }, "geometry": { "type": "Point", "coordinates": [ -70.6493814, -33.4826014 ] } },
{ "type": "Feature", "properties": { "equipo": "FR-3a5f03", "estacion": "FR", "nombre_estacion": "Franklin", "linea": "Línea 2", "latitud": -33.4766603, "longitud": -70.6494774 }, "geometry": { "type": "Point", "coordinates": [ -70.6494774, -33.4766603 ] } },
{ "type": "Feature", "properties": { "equipo": "FR-44557d", "estacion": "FR", "nombre_estacion": "Franklin", "linea": "Línea 2", "latitud": -33.4766603, "longitud": -70.6494774 }, "geometry": { "type": "Point", "coordinates": [ -70.6494774, -33.4766603 ] } },
{ "type": "Feature", "properties": { "equipo": "FR-6f2eff", "estacion": "FR", "nombre_estacion": "Franklin", "linea": "Línea 2", "latitud": -33.4766603, "longitud": -70.6494774 }, "geometry": { "type": "Point", "coordinates": [ -70.6494774, -33.4766603 ] } },
{ "type": "Feature", "properties": { "equipo": "FR-8d728d", "estacion": "FR", "nombre_estacion": "Franklin", "linea": "Línea 2", "latitud": -33.4766603, "longitud": -70.6494774 }, "geometry": { "type": "Point", "coordinates": [ -70.6494774, -33.4766603 ] } },
{ "type": "Feature", "properties": { "equipo": "FR-90d7c8", "estacion": "FR", "nombre_estacion": "Franklin", "linea": "Línea 2", "latitud": -33.4766603, "longitud": -70.6494774 }, "geometry": { "type": "Point", "coordinates": [ -70.6494774, -33.4766603 ] } },
{ "type": "Feature", "properties": { "equipo": "FR-9f9b55", "estacion": "FR", "nombre_estacion": "Franklin", "linea": "Línea 2", "latitud": -33.4766603, "longitud": -70.6494774 }, "geometry": { "type": "Point", "coordinates": [ -70.6494774, -33.4766603 ] } },
{ "type": "Feature", "properties": { "equipo": "FR-cb378b", "estacion": "FR", "nombre_estacion": "Franklin", "linea": "Línea 2", "latitud": -33.4766603, "longitud": -70.6494774 }, "geometry": { "type": "Point", "coordinates": [ -70.6494774, -33.4766603 ] } },
{ "type": "Feature", "properties": { "equipo": "RO-426b57", "estacion": "RO", "nombre_estacion": "Rondizzoni", "linea": "Línea 2", "latitud": -33.4696578, "longitud": -70.6563736 }, "geometry": { "type": "Point", "coordinates": [ -70.6563736, -33.4696578 ] } },
{ "type": "Feature", "properties": { "equipo": "RO-9ff167", "estacion": "RO", "nombre_estacion": "Rondizzoni", "linea": "Línea 2", "latitud": -33.4696578, "longitud": -70.6563736 }, "geometry": { "type": "Point", "coordinates": [ -70.6563736, -33.4696578 ] } },
{ "type": "Feature", "properties": { "equipo": "PQ-294c93", "estacion": "PQ", "nombre_estacion": "Parque O'Higgins", "linea": "Línea 2", "latitud": -33.4608472, "longitud": -70.6568466 }, "geometry": { "type": "Point", "coordinates": [ -70.6568466, -33.4608472 ] } },
{ "type": "Feature", "properties": { "equipo": "PQ-426b57", "estacion": "PQ", "nombre_estacion": "Parque O'Higgins", "linea": "Línea 2", "latitud": -33.4608472, "longitud": -70.6568466 }, "geometry": { "type": "Point", "coordinates": [ -70.6568466, -33.4608472 ] } },
{ "type": "Feature", "properties": { "equipo": "PQ-9ff167", "estacion": "PQ", "nombre_estacion": "Parque O'Higgins", "linea": "Línea 2", "latitud": -33.4608472, "longitud": -70.6568466 }, "geometry": { "type": "Point", "coordinates": [ -70.6568466, -33.4608472 ] } },
{ "type": "Feature", "properties": { "equipo": "PQ-a696e9", "estacion": "PQ", "nombre_estacion": "Parque O'Higgins", "linea": "Línea 2", "latitud": -33.4608472, "longitud": -70.6568466 }, "geometry": { "type": "Point", "coordinates": [ -70.6568466, -33.4608472 ] } },
{ "type": "Feature", "properties": { "equipo": "PQ-e5d3fa", "estacion": "PQ", "nombre_estacion": "Parque O'Higgins", "linea": "Línea 2", "latitud": -33.4608472, "longitud": -70.6568466 }, "geometry": { "type": "Point", "coordinates": [ -70.6568466, -33.4608472 ] } },
{ "type": "Feature", "properties": { "equipo": "TO-426b57", "estacion": "TO", "nombre_estacion": "Toesca", "linea": "Línea 2", "latitud": -33.4529746, "longitud": -70.6585851 }, "geometry": { "type": "Point", "coordinates": [ -70.6585851, -33.4529746 ] } },
{ "type": "Feature", "properties": { "equipo": "TO-9ff167", "estacion": "TO", "nombre_estacion": "Toesca", "linea": "Línea 2", "latitud": -33.4529746, "longitud": -70.6585851 }, "geometry": { "type": "Point", "coordinates": [ -70.6585851, -33.4529746 ] } },
{ "type": "Feature", "properties": { "equipo": "HE-0f6a35", "estacion": "HE", "nombre_estacion": "Los Héroes", "linea": "Línea 2", "latitud": -33.4461853, "longitud": -70.6604458 }, "geometry": { "type": "Point", "coordinates": [ -70.6604458, -33.4461853 ] } },
{ "type": "Feature", "properties": { "equipo": "HE-1c46b8", "estacion": "HE", "nombre_estacion": "Los Héroes", "linea": "Línea 2", "latitud": -33.4461853, "longitud": -70.6604458 }, "geometry": { "type": "Point", "coordinates": [ -70.6604458, -33.4461853 ] } },
{ "type": "Feature", "properties": { "equipo": "HE-9ef071", "estacion": "HE", "nombre_estacion": "Los Héroes", "linea": "Línea 2", "latitud": -33.4461853, "longitud": -70.6604458 }, "geometry": { "type": "Point", "coordinates": [ -70.6604458, -33.4461853 ] } },
{ "type": "Feature", "properties": { "equipo": "HE-9f5b58", "estacion": "HE", "nombre_estacion": "Los Héroes", "linea": "Línea 2", "latitud": -33.4461853, "longitud": -70.6604458 }, "geometry": { "type": "Point", "coordinates": [ -70.6604458, -33.4461853 ] } },
{ "type": "Feature", "properties": { "equipo": "HE-ad0600", "estacion": "HE", "nombre_estacion": "Los Héroes", "linea": "Línea 2", "latitud": -33.4461853, "longitud": -70.6604458 }, "geometry": { "type": "Point", "coordinates": [ -70.6604458, -33.4461853 ] } },
{ "type": "Feature", "properties": { "equipo": "HE-b73c94", "estacion": "HE", "nombre_estacion": "Los Héroes", "linea": "Línea 2", "latitud": -33.4461853, "longitud": -70.6604458 }, "geometry": { "type": "Point", "coordinates": [ -70.6604458, -33.4461853 ] } },
{ "type": "Feature", "properties": { "equipo": "HE-d50594", "estacion": "HE", "nombre_estacion": "Los Héroes", "linea": "Línea 2", "latitud": -33.4461853, "longitud": -70.6604458 }, "geometry": { "type": "Point", "coordinates": [ -70.6604458, -33.4461853 ] } },
{ "type": "Feature", "properties": { "equipo": "HE-dacf2b", "estacion": "HE", "nombre_estacion": "Los Héroes", "linea": "Línea 2", "latitud": -33.4461853, "longitud": -70.6604458 }, "geometry": { "type": "Point", "coordinates": [ -70.6604458, -33.4461853 ] } },
{ "type": "Feature", "properties": { "equipo": "AN-32230a", "estacion": "AN", "nombre_estacion": "Santa Ana", "linea": "Línea 2", "latitud": -33.4382499, "longitud": -70.6598961 }, "geometry": { "type": "Point", "coordinates": [ -70.6598961, -33.4382499 ] } },
{ "type": "Feature", "properties": { "equipo": "AN-35d00e", "estacion": "AN", "nombre_estacion": "Santa Ana", "linea": "Línea 2", "latitud": -33.4382499, "longitud": -70.6598961 }, "geometry": { "type": "Point", "coordinates": [ -70.6598961, -33.4382499 ] } },
{ "type": "Feature", "properties": { "equipo": "AN-76bcb3", "estacion": "AN", "nombre_estacion": "Santa Ana", "linea": "Línea 2", "latitud": -33.4382499, "longitud": -70.6598961 }, "geometry": { "type": "Point", "coordinates": [ -70.6598961, -33.4382499 ] } },
{ "type": "Feature", "properties": { "equipo": "AN-88b8b6", "estacion": "AN", "nombre_estacion": "Santa Ana", "linea": "Línea 2", "latitud": -33.4382499, "longitud": -70.6598961 }, "geometry": { "type": "Point", "coordinates": [ -70.6598961, -33.4382499 ] } },
{ "type": "Feature", "properties": { "equipo": "AN-8ee341", "estacion": "AN", "nombre_estacion": "Santa Ana", "linea": "Línea 2", "latitud": -33.4382499, "longitud": -70.6598961 }, "geometry": { "type": "Point", "coordinates": [ -70.6598961, -33.4382499 ] } },
{ "type": "Feature", "properties": { "equipo": "AN-e4a16a", "estacion": "AN", "nombre_estacion": "Santa Ana", "linea": "Línea 2", "latitud": -33.4382499, "longitud": -70.6598961 }, "geometry": { "type": "Point", "coordinates": [ -70.6598961, -33.4382499 ] } },
{ "type": "Feature", "properties": { "equipo": "AN-f7de57", "estacion": "AN", "nombre_estacion": "Santa Ana", "linea": "Línea 2", "latitud": -33.4382499, "longitud": -70.6598961 }, "geometry": { "type": "Point", "coordinates": [ -70.6598961, -33.4382499 ] } },
{ "type": "Feature", "properties": { "equipo": "CA-043c83", "estacion": "CA", "nombre_estacion": "Puente Cal y Canto", "linea": "Línea 2", "latitud": -33.4328384, "longitud": -70.6530774 }, "geometry": { "type": "Point", "coordinates": [ -70.6530774, -33.4328384 ] } },
{ "type": "Feature", "properties": { "equipo": "CA-16f6e3", "estacion": "CA", "nombre_estacion": "Puente Cal y Canto", "linea": "Línea 2", "latitud": -33.4328384, "longitud": -70.6530774 }, "geometry": { "type": "Point", "coordinates": [ -70.6530774, -33.4328384 ] } },
{ "type": "Feature", "properties": { "equipo": "CA-509a8a", "estacion": "CA", "nombre_estacion": "Puente Cal y Canto", "linea": "Línea 2", "latitud": -33.4328384, "longitud": -70.6530774 }, "geometry": { "type": "Point", "coordinates": [ -70.6530774, -33.4328384 ] } },
{ "type": "Feature", "properties": { "equipo": "CA-919f31", "estacion": "CA", "nombre_estacion": "Puente Cal y Canto", "linea": "Línea 2", "latitud": -33.4328384, "longitud": -70.6530774 }, "geometry": { "type": "Point", "coordinates": [ -70.6530774, -33.4328384 ] } },
{ "type": "Feature", "properties": { "equipo": "CA-f742b4", "estacion": "CA", "nombre_estacion": "Puente Cal y Canto", "linea": "Línea 2", "latitud": -33.4328384, "longitud": -70.6530774 }, "geometry": { "type": "Point", "coordinates": [ -70.6530774, -33.4328384 ] } },
{ "type": "Feature", "properties": { "equipo": "CA-f7a39c", "estacion": "CA", "nombre_estacion": "Puente Cal y Canto", "linea": "Línea 2", "latitud": -33.4328384, "longitud": -70.6530774 }, "geometry": { "type": "Point", "coordinates": [ -70.6530774, -33.4328384 ] } },
{ "type": "Feature", "properties": { "equipo": "PT-0768ae", "estacion": "PT", "nombre_estacion": "Patronato", "linea": "Línea 2", "latitud": -33.4297317, "longitud": -70.6471183 }, "geometry": { "type": "Point", "coordinates": [ -70.6471183, -33.4297317 ] } },
{ "type": "Feature", "properties": { "equipo": "PT-426b57", "estacion": "PT", "nombre_estacion": "Patronato", "linea": "Línea 2", "latitud": -33.4297317, "longitud": -70.6471183 }, "geometry": { "type": "Point", "coordinates": [ -70.6471183, -33.4297317 ] } },
{ "type": "Feature", "properties": { "equipo": "PT-43ff2d", "estacion": "PT", "nombre_estacion": "Patronato", "linea": "Línea 2", "latitud": -33.4297317, "longitud": -70.6471183 }, "geometry": { "type": "Point", "coordinates": [ -70.6471183, -33.4297317 ] } },
{ "type": "Feature", "properties": { "equipo": "PT-9ff167", "estacion": "PT", "nombre_estacion": "Patronato", "linea": "Línea 2", "latitud": -33.4297317, "longitud": -70.6471183 }, "geometry": { "type": "Point", "coordinates": [ -70.6471183, -33.4297317 ] } },
{ "type": "Feature", "properties": { "equipo": "PT-ba5d30", "estacion": "PT", "nombre_estacion": "Patronato", "linea": "Línea 2", "latitud": -33.4297317, "longitud": -70.6471183 }, "geometry": { "type": "Point", "coordinates": [ -70.6471183, -33.4297317 ] } },
{ "type": "Feature", "properties": { "equipo": "CB-3f3e2b", "estacion": "CB", "nombre_estacion": "Cerro Blanco", "linea": "Línea 2", "latitud": -33.4227505, "longitud": -70.6450582 }, "geometry": { "type": "Point", "coordinates": [ -70.6450582, -33.4227505 ] } },
{ "type": "Feature", "properties": { "equipo": "CB-426b57", "estacion": "CB", "nombre_estacion": "Cerro Blanco", "linea": "Línea 2", "latitud": -33.4227505, "longitud": -70.6450582 }, "geometry": { "type": "Point", "coordinates": [ -70.6450582, -33.4227505 ] } },
{ "type": "Feature", "properties": { "equipo": "CB-9ff167", "estacion": "CB", "nombre_estacion": "Cerro Blanco", "linea": "Línea 2", "latitud": -33.4227505, "longitud": -70.6450582 }, "geometry": { "type": "Point", "coordinates": [ -70.6450582, -33.4227505 ] } },
{ "type": "Feature", "properties": { "equipo": "CB-a9966f", "estacion": "CB", "nombre_estacion": "Cerro Blanco", "linea": "Línea 2", "latitud": -33.4227505, "longitud": -70.6450582 }, "geometry": { "type": "Point", "coordinates": [ -70.6450582, -33.4227505 ] } },
{ "type": "Feature", "properties": { "equipo": "CB-e2ad00", "estacion": "CB", "nombre_estacion": "Cerro Blanco", "linea": "Línea 2", "latitud": -33.4227505, "longitud": -70.6450582 }, "geometry": { "type": "Point", "coordinates": [ -70.6450582, -33.4227505 ] } },
{ "type": "Feature", "properties": { "equipo": "CE-426b57", "estacion": "CE", "nombre_estacion": "Cementerios", "linea": "Línea 2", "latitud": -33.4139806, "longitud": -70.643597 }, "geometry": { "type": "Point", "coordinates": [ -70.643597, -33.4139806 ] } },
{ "type": "Feature", "properties": { "equipo": "CE-441fda", "estacion": "CE", "nombre_estacion": "Cementerios", "linea": "Línea 2", "latitud": -33.4139806, "longitud": -70.643597 }, "geometry": { "type": "Point", "coordinates": [ -70.643597, -33.4139806 ] } },
{ "type": "Feature", "properties": { "equipo": "CE-5e111b", "estacion": "CE", "nombre_estacion": "Cementerios", "linea": "Línea 2", "latitud": -33.4139806, "longitud": -70.643597 }, "geometry": { "type": "Point", "coordinates": [ -70.643597, -33.4139806 ] } },
{ "type": "Feature", "properties": { "equipo": "CE-884ae3", "estacion": "CE", "nombre_estacion": "Cementerios", "linea": "Línea 2", "latitud": -33.4139806, "longitud": -70.643597 }, "geometry": { "type": "Point", "coordinates": [ -70.643597, -33.4139806 ] } },
{ "type": "Feature", "properties": { "equipo": "CE-9ff167", "estacion": "CE", "nombre_estacion": "Cementerios", "linea": "Línea 2", "latitud": -33.4139806, "longitud": -70.643597 }, "geometry": { "type": "Point", "coordinates": [ -70.643597, -33.4139806 ] } },
{ "type": "Feature", "properties": { "equipo": "EI-40fe97", "estacion": "EI", "nombre_estacion": "Einstein", "linea": "Línea 2", "latitud": -33.4059459, "longitud": -70.6431738 }, "geometry": { "type": "Point", "coordinates": [ -70.6431738, -33.4059459 ] } },
{ "type": "Feature", "properties": { "equipo": "EI-426b57", "estacion": "EI", "nombre_estacion": "Einstein", "linea": "Línea 2", "latitud": -33.4059459, "longitud": -70.6431738 }, "geometry": { "type": "Point", "coordinates": [ -70.6431738, -33.4059459 ] } },
{ "type": "Feature", "properties": { "equipo": "EI-9d4f04", "estacion": "EI", "nombre_estacion": "Einstein", "linea": "Línea 2", "latitud": -33.4059459, "longitud": -70.6431738 }, "geometry": { "type": "Point", "coordinates": [ -70.6431738, -33.4059459 ] } },
{ "type": "Feature", "properties": { "equipo": "EI-9ff167", "estacion": "EI", "nombre_estacion": "Einstein", "linea": "Línea 2", "latitud": -33.4059459, "longitud": -70.6431738 }, "geometry": { "type": "Point", "coordinates": [ -70.6431738, -33.4059459 ] } },
{ "type": "Feature", "properties": { "equipo": "DO-14968c", "estacion": "DO", "nombre_estacion": "Dorsal", "linea": "Línea 2", "latitud": -33.3969616, "longitud": -70.6427404 }, "geometry": { "type": "Point", "coordinates": [ -70.6427404, -33.3969616 ] } },
{ "type": "Feature", "properties": { "equipo": "DO-41b32a", "estacion": "DO", "nombre_estacion": "Dorsal", "linea": "Línea 2", "latitud": -33.3969616, "longitud": -70.6427404 }, "geometry": { "type": "Point", "coordinates": [ -70.6427404, -33.3969616 ] } },
{ "type": "Feature", "properties": { "equipo": "DO-426b57", "estacion": "DO", "nombre_estacion": "Dorsal", "linea": "Línea 2", "latitud": -33.3969616, "longitud": -70.6427404 }, "geometry": { "type": "Point", "coordinates": [ -70.6427404, -33.3969616 ] } },
{ "type": "Feature", "properties": { "equipo": "DO-9ff167", "estacion": "DO", "nombre_estacion": "Dorsal", "linea": "Línea 2", "latitud": -33.3969616, "longitud": -70.6427404 }, "geometry": { "type": "Point", "coordinates": [ -70.6427404, -33.3969616 ] } },
{ "type": "Feature", "properties": { "equipo": "ZA-161612", "estacion": "ZA", "nombre_estacion": "Zapadores", "linea": "Línea 2", "latitud": -33.3909444, "longitud": -70.6424385 }, "geometry": { "type": "Point", "coordinates": [ -70.6424385, -33.3909444 ] } },
{ "type": "Feature", "properties": { "equipo": "ZA-36a453", "estacion": "ZA", "nombre_estacion": "Zapadores", "linea": "Línea 2", "latitud": -33.3909444, "longitud": -70.6424385 }, "geometry": { "type": "Point", "coordinates": [ -70.6424385, -33.3909444 ] } },
{ "type": "Feature", "properties": { "equipo": "ZA-426b57", "estacion": "ZA", "nombre_estacion": "Zapadores", "linea": "Línea 2", "latitud": -33.3909444, "longitud": -70.6424385 }, "geometry": { "type": "Point", "coordinates": [ -70.6424385, -33.3909444 ] } },
{ "type": "Feature", "properties": { "equipo": "ZA-9ff167", "estacion": "ZA", "nombre_estacion": "Zapadores", "linea": "Línea 2", "latitud": -33.3909444, "longitud": -70.6424385 }, "geometry": { "type": "Point", "coordinates": [ -70.6424385, -33.3909444 ] } },
{ "type": "Feature", "properties": { "equipo": "ZA-d6f9cd", "estacion": "ZA", "nombre_estacion": "Zapadores", "linea": "Línea 2", "latitud": -33.3909444, "longitud": -70.6424385 }, "geometry": { "type": "Point", "coordinates": [ -70.6424385, -33.3909444 ] } },
{ "type": "Feature", "properties": { "equipo": "AV-0a642b", "estacion": "AV", "nombre_estacion": "Vespucio Norte", "linea": "Línea 2", "latitud": -33.3807538, "longitud": -70.6463404 }, "geometry": { "type": "Point", "coordinates": [ -70.6463404, -33.3807538 ] } },
{ "type": "Feature", "properties": { "equipo": "AV-20607e", "estacion": "AV", "nombre_estacion": "Vespucio Norte", "linea": "Línea 2", "latitud": -33.3807538, "longitud": -70.6463404 }, "geometry": { "type": "Point", "coordinates": [ -70.6463404, -33.3807538 ] } },
{ "type": "Feature", "properties": { "equipo": "AV-3c6f8e", "estacion": "AV", "nombre_estacion": "Vespucio Norte", "linea": "Línea 2", "latitud": -33.3807538, "longitud": -70.6463404 }, "geometry": { "type": "Point", "coordinates": [ -70.6463404, -33.3807538 ] } },
{ "type": "Feature", "properties": { "equipo": "AV-3f68e8", "estacion": "AV", "nombre_estacion": "Vespucio Norte", "linea": "Línea 2", "latitud": -33.3807538, "longitud": -70.6463404 }, "geometry": { "type": "Point", "coordinates": [ -70.6463404, -33.3807538 ] } },
{ "type": "Feature", "properties": { "equipo": "AV-426b57", "estacion": "AV", "nombre_estacion": "Vespucio Norte", "linea": "Línea 2", "latitud": -33.3807538, "longitud": -70.6463404 }, "geometry": { "type": "Point", "coordinates": [ -70.6463404, -33.3807538 ] } },
{ "type": "Feature", "properties": { "equipo": "AV-4acdae", "estacion": "AV", "nombre_estacion": "Vespucio Norte", "linea": "Línea 2", "latitud": -33.3807538, "longitud": -70.6463404 }, "geometry": { "type": "Point", "coordinates": [ -70.6463404, -33.3807538 ] } },
{ "type": "Feature", "properties": { "equipo": "AV-6bf9ec", "estacion": "AV", "nombre_estacion": "Vespucio Norte", "linea": "Línea 2", "latitud": -33.3807538, "longitud": -70.6463404 }, "geometry": { "type": "Point", "coordinates": [ -70.6463404, -33.3807538 ] } },
{ "type": "Feature", "properties": { "equipo": "AV-7b85e7", "estacion": "AV", "nombre_estacion": "Vespucio Norte", "linea": "Línea 2", "latitud": -33.3807538, "longitud": -70.6463404 }, "geometry": { "type": "Point", "coordinates": [ -70.6463404, -33.3807538 ] } },
{ "type": "Feature", "properties": { "equipo": "AV-9ff167", "estacion": "AV", "nombre_estacion": "Vespucio Norte", "linea": "Línea 2", "latitud": -33.3807538, "longitud": -70.6463404 }, "geometry": { "type": "Point", "coordinates": [ -70.6463404, -33.3807538 ] } },
{ "type": "Feature", "properties": { "equipo": "AV-beccf4", "estacion": "AV", "nombre_estacion": "Vespucio Norte", "linea": "Línea 2", "latitud": -33.3807538, "longitud": -70.6463404 }, "geometry": { "type": "Point", "coordinates": [ -70.6463404, -33.3807538 ] } },
{ "type": "Feature", "properties": { "equipo": "AV-db93e4", "estacion": "AV", "nombre_estacion": "Vespucio Norte", "linea": "Línea 2", "latitud": -33.3807538, "longitud": -70.6463404 }, "geometry": { "type": "Point", "coordinates": [ -70.6463404, -33.3807538 ] } },
{ "type": "Feature", "properties": { "equipo": "AV-fd09b8", "estacion": "AV", "nombre_estacion": "Vespucio Norte", "linea": "Línea 2", "latitud": -33.3807538, "longitud": -70.6463404 }, "geometry": { "type": "Point", "coordinates": [ -70.6463404, -33.3807538 ] } },
{ "type": "Feature", "properties": { "equipo": "LD-18ffed", "estacion": "LD", "nombre_estacion": "Los Dominicos", "linea": "Línea 1", "latitud": -33.4078854, "longitud": -70.5449939 }, "geometry": { "type": "Point", "coordinates": [ -70.5449939, -33.4078854 ] } },
{ "type": "Feature", "properties": { "equipo": "LD-3ca490", "estacion": "LD", "nombre_estacion": "Los Dominicos", "linea": "Línea 1", "latitud": -33.4078854, "longitud": -70.5449939 }, "geometry": { "type": "Point", "coordinates": [ -70.5449939, -33.4078854 ] } },
{ "type": "Feature", "properties": { "equipo": "LD-4110a5", "estacion": "LD", "nombre_estacion": "Los Dominicos", "linea": "Línea 1", "latitud": -33.4078854, "longitud": -70.5449939 }, "geometry": { "type": "Point", "coordinates": [ -70.5449939, -33.4078854 ] } },
{ "type": "Feature", "properties": { "equipo": "LD-770227", "estacion": "LD", "nombre_estacion": "Los Dominicos", "linea": "Línea 1", "latitud": -33.4078854, "longitud": -70.5449939 }, "geometry": { "type": "Point", "coordinates": [ -70.5449939, -33.4078854 ] } },
{ "type": "Feature", "properties": { "equipo": "LD-a5276f", "estacion": "LD", "nombre_estacion": "Los Dominicos", "linea": "Línea 1", "latitud": -33.4078854, "longitud": -70.5449939 }, "geometry": { "type": "Point", "coordinates": [ -70.5449939, -33.4078854 ] } },
{ "type": "Feature", "properties": { "equipo": "LD-b2b59b", "estacion": "LD", "nombre_estacion": "Los Dominicos", "linea": "Línea 1", "latitud": -33.4078854, "longitud": -70.5449939 }, "geometry": { "type": "Point", "coordinates": [ -70.5449939, -33.4078854 ] } },
{ "type": "Feature", "properties": { "equipo": "LD-beccf4", "estacion": "LD", "nombre_estacion": "Los Dominicos", "linea": "Línea 1", "latitud": -33.4078854, "longitud": -70.5449939 }, "geometry": { "type": "Point", "coordinates": [ -70.5449939, -33.4078854 ] } },
{ "type": "Feature", "properties": { "equipo": "LD-d27a5f", "estacion": "LD", "nombre_estacion": "Los Dominicos", "linea": "Línea 1", "latitud": -33.4078854, "longitud": -70.5449939 }, "geometry": { "type": "Point", "coordinates": [ -70.5449939, -33.4078854 ] } },
{ "type": "Feature", "properties": { "equipo": "HM-18ffed", "estacion": "HM", "nombre_estacion": "Hernando de Magallanes", "linea": "Línea 1", "latitud": -33.4079352, "longitud": -70.5558454 }, "geometry": { "type": "Point", "coordinates": [ -70.5558454, -33.4079352 ] } },
{ "type": "Feature", "properties": { "equipo": "HM-b2b59b", "estacion": "HM", "nombre_estacion": "Hernando de Magallanes", "linea": "Línea 1", "latitud": -33.4079352, "longitud": -70.5558454 }, "geometry": { "type": "Point", "coordinates": [ -70.5558454, -33.4079352 ] } },
{ "type": "Feature", "properties": { "equipo": "HM-b4f935", "estacion": "HM", "nombre_estacion": "Hernando de Magallanes", "linea": "Línea 1", "latitud": -33.4079352, "longitud": -70.5558454 }, "geometry": { "type": "Point", "coordinates": [ -70.5558454, -33.4079352 ] } },
{ "type": "Feature", "properties": { "equipo": "HM-d083c9", "estacion": "HM", "nombre_estacion": "Hernando de Magallanes", "linea": "Línea 1", "latitud": -33.4079352, "longitud": -70.5558454 }, "geometry": { "type": "Point", "coordinates": [ -70.5558454, -33.4079352 ] } },
{ "type": "Feature", "properties": { "equipo": "HM-ffacee", "estacion": "HM", "nombre_estacion": "Hernando de Magallanes", "linea": "Línea 1", "latitud": -33.4079352, "longitud": -70.5558454 }, "geometry": { "type": "Point", "coordinates": [ -70.5558454, -33.4079352 ] } },
{ "type": "Feature", "properties": { "equipo": "MQ-18ffed", "estacion": "MQ", "nombre_estacion": "Manquehue", "linea": "Línea 1", "latitud": -33.4094637, "longitud": -70.5697326 }, "geometry": { "type": "Point", "coordinates": [ -70.5697326, -33.4094637 ] } },
{ "type": "Feature", "properties": { "equipo": "MQ-20607e", "estacion": "MQ", "nombre_estacion": "Manquehue", "linea": "Línea 1", "latitud": -33.4094637, "longitud": -70.5697326 }, "geometry": { "type": "Point", "coordinates": [ -70.5697326, -33.4094637 ] } },
{ "type": "Feature", "properties": { "equipo": "MQ-2afef6", "estacion": "MQ", "nombre_estacion": "Manquehue", "linea": "Línea 1", "latitud": -33.4094637, "longitud": -70.5697326 }, "geometry": { "type": "Point", "coordinates": [ -70.5697326, -33.4094637 ] } },
{ "type": "Feature", "properties": { "equipo": "MQ-35ff76", "estacion": "MQ", "nombre_estacion": "Manquehue", "linea": "Línea 1", "latitud": -33.4094637, "longitud": -70.5697326 }, "geometry": { "type": "Point", "coordinates": [ -70.5697326, -33.4094637 ] } },
{ "type": "Feature", "properties": { "equipo": "MQ-428e47", "estacion": "MQ", "nombre_estacion": "Manquehue", "linea": "Línea 1", "latitud": -33.4094637, "longitud": -70.5697326 }, "geometry": { "type": "Point", "coordinates": [ -70.5697326, -33.4094637 ] } },
{ "type": "Feature", "properties": { "equipo": "MQ-4d1a27", "estacion": "MQ", "nombre_estacion": "Manquehue", "linea": "Línea 1", "latitud": -33.4094637, "longitud": -70.5697326 }, "geometry": { "type": "Point", "coordinates": [ -70.5697326, -33.4094637 ] } },
{ "type": "Feature", "properties": { "equipo": "MQ-7b85e7", "estacion": "MQ", "nombre_estacion": "Manquehue", "linea": "Línea 1", "latitud": -33.4094637, "longitud": -70.5697326 }, "geometry": { "type": "Point", "coordinates": [ -70.5697326, -33.4094637 ] } },
{ "type": "Feature", "properties": { "equipo": "MQ-8fb4fb", "estacion": "MQ", "nombre_estacion": "Manquehue", "linea": "Línea 1", "latitud": -33.4094637, "longitud": -70.5697326 }, "geometry": { "type": "Point", "coordinates": [ -70.5697326, -33.4094637 ] } },
{ "type": "Feature", "properties": { "equipo": "MQ-98d365", "estacion": "MQ", "nombre_estacion": "Manquehue", "linea": "Línea 1", "latitud": -33.4094637, "longitud": -70.5697326 }, "geometry": { "type": "Point", "coordinates": [ -70.5697326, -33.4094637 ] } },
{ "type": "Feature", "properties": { "equipo": "MQ-b2b59b", "estacion": "MQ", "nombre_estacion": "Manquehue", "linea": "Línea 1", "latitud": -33.4094637, "longitud": -70.5697326 }, "geometry": { "type": "Point", "coordinates": [ -70.5697326, -33.4094637 ] } },
{ "type": "Feature", "properties": { "equipo": "MQ-b2dbbb", "estacion": "MQ", "nombre_estacion": "Manquehue", "linea": "Línea 1", "latitud": -33.4094637, "longitud": -70.5697326 }, "geometry": { "type": "Point", "coordinates": [ -70.5697326, -33.4094637 ] } },
{ "type": "Feature", "properties": { "equipo": "MQ-beaa69", "estacion": "MQ", "nombre_estacion": "Manquehue", "linea": "Línea 1", "latitud": -33.4094637, "longitud": -70.5697326 }, "geometry": { "type": "Point", "coordinates": [ -70.5697326, -33.4094637 ] } },
{ "type": "Feature", "properties": { "equipo": "MQ-ca3ddc", "estacion": "MQ", "nombre_estacion": "Manquehue", "linea": "Línea 1", "latitud": -33.4094637, "longitud": -70.5697326 }, "geometry": { "type": "Point", "coordinates": [ -70.5697326, -33.4094637 ] } },
{ "type": "Feature", "properties": { "equipo": "MQ-d27a5f", "estacion": "MQ", "nombre_estacion": "Manquehue", "linea": "Línea 1", "latitud": -33.4094637, "longitud": -70.5697326 }, "geometry": { "type": "Point", "coordinates": [ -70.5697326, -33.4094637 ] } },
{ "type": "Feature", "properties": { "equipo": "MQ-d43efd", "estacion": "MQ", "nombre_estacion": "Manquehue", "linea": "Línea 1", "latitud": -33.4094637, "longitud": -70.5697326 }, "geometry": { "type": "Point", "coordinates": [ -70.5697326, -33.4094637 ] } },
{ "type": "Feature", "properties": { "equipo": "MQ-f45806", "estacion": "MQ", "nombre_estacion": "Manquehue", "linea": "Línea 1", "latitud": -33.4094637, "longitud": -70.5697326 }, "geometry": { "type": "Point", "coordinates": [ -70.5697326, -33.4094637 ] } },
{ "type": "Feature", "properties": { "equipo": "MQ-f8cb1c", "estacion": "MQ", "nombre_estacion": "Manquehue", "linea": "Línea 1", "latitud": -33.4094637, "longitud": -70.5697326 }, "geometry": { "type": "Point", "coordinates": [ -70.5697326, -33.4094637 ] } },
{ "type": "Feature", "properties": { "equipo": "EM-17bab9", "estacion": "EM", "nombre_estacion": "Escuela Militar", "linea": "Línea 1", "latitud": -33.4134817, "longitud": -70.5826796 }, "geometry": { "type": "Point", "coordinates": [ -70.5826796, -33.4134817 ] } },
{ "type": "Feature", "properties": { "equipo": "EM-528faf", "estacion": "EM", "nombre_estacion": "Escuela Militar", "linea": "Línea 1", "latitud": -33.4134817, "longitud": -70.5826796 }, "geometry": { "type": "Point", "coordinates": [ -70.5826796, -33.4134817 ] } },
{ "type": "Feature", "properties": { "equipo": "EM-b2b59b", "estacion": "EM", "nombre_estacion": "Escuela Militar", "linea": "Línea 1", "latitud": -33.4134817, "longitud": -70.5826796 }, "geometry": { "type": "Point", "coordinates": [ -70.5826796, -33.4134817 ] } },
{ "type": "Feature", "properties": { "equipo": "EM-d27a5f", "estacion": "EM", "nombre_estacion": "Escuela Militar", "linea": "Línea 1", "latitud": -33.4134817, "longitud": -70.5826796 }, "geometry": { "type": "Point", "coordinates": [ -70.5826796, -33.4134817 ] } },
{ "type": "Feature", "properties": { "equipo": "AL-0d0522", "estacion": "AL", "nombre_estacion": "Alcántara", "linea": "Línea 1", "latitud": -33.4154469, "longitud": -70.5899906 }, "geometry": { "type": "Point", "coordinates": [ -70.5899906, -33.4154469 ] } },
{ "type": "Feature", "properties": { "equipo": "AL-b2b59b", "estacion": "AL", "nombre_estacion": "Alcántara", "linea": "Línea 1", "latitud": -33.4154469, "longitud": -70.5899906 }, "geometry": { "type": "Point", "coordinates": [ -70.5899906, -33.4154469 ] } },
{ "type": "Feature", "properties": { "equipo": "AL-d27a5f", "estacion": "AL", "nombre_estacion": "Alcántara", "linea": "Línea 1", "latitud": -33.4154469, "longitud": -70.5899906 }, "geometry": { "type": "Point", "coordinates": [ -70.5899906, -33.4154469 ] } },
{ "type": "Feature", "properties": { "equipo": "GO-1ae9f1", "estacion": "GO", "nombre_estacion": "El Golf", "linea": "Línea 1", "latitud": -33.4166189, "longitud": -70.5957077 }, "geometry": { "type": "Point", "coordinates": [ -70.5957077, -33.4166189 ] } },
{ "type": "Feature", "properties": { "equipo": "GO-b2b59b", "estacion": "GO", "nombre_estacion": "El Golf", "linea": "Línea 1", "latitud": -33.4166189, "longitud": -70.5957077 }, "geometry": { "type": "Point", "coordinates": [ -70.5957077, -33.4166189 ] } },
{ "type": "Feature", "properties": { "equipo": "GO-d27a5f", "estacion": "GO", "nombre_estacion": "El Golf", "linea": "Línea 1", "latitud": -33.4166189, "longitud": -70.5957077 }, "geometry": { "type": "Point", "coordinates": [ -70.5957077, -33.4166189 ] } },
{ "type": "Feature", "properties": { "equipo": "TB-01198b", "estacion": "TB", "nombre_estacion": "Tobalaba", "linea": "Línea 1", "latitud": -33.4182154, "longitud": -70.6014872 }, "geometry": { "type": "Point", "coordinates": [ -70.6014872, -33.4182154 ] } },
{ "type": "Feature", "properties": { "equipo": "TB-020c20", "estacion": "TB", "nombre_estacion": "Tobalaba", "linea": "Línea 1", "latitud": -33.4182154, "longitud": -70.6014872 }, "geometry": { "type": "Point", "coordinates": [ -70.6014872, -33.4182154 ] } },
{ "type": "Feature", "properties": { "equipo": "TB-9b4328", "estacion": "TB", "nombre_estacion": "Tobalaba", "linea": "Línea 1", "latitud": -33.4182154, "longitud": -70.6014872 }, "geometry": { "type": "Point", "coordinates": [ -70.6014872, -33.4182154 ] } },
{ "type": "Feature", "properties": { "equipo": "TB-c240bc", "estacion": "TB", "nombre_estacion": "Tobalaba", "linea": "Línea 1", "latitud": -33.4182154, "longitud": -70.6014872 }, "geometry": { "type": "Point", "coordinates": [ -70.6014872, -33.4182154 ] } },
{ "type": "Feature", "properties": { "equipo": "TB-e61333", "estacion": "TB", "nombre_estacion": "Tobalaba", "linea": "Línea 1", "latitud": -33.4182154, "longitud": -70.6014872 }, "geometry": { "type": "Point", "coordinates": [ -70.6014872, -33.4182154 ] } },
{ "type": "Feature", "properties": { "equipo": "TB-e7a986", "estacion": "TB", "nombre_estacion": "Tobalaba", "linea": "Línea 1", "latitud": -33.4182154, "longitud": -70.6014872 }, "geometry": { "type": "Point", "coordinates": [ -70.6014872, -33.4182154 ] } },
{ "type": "Feature", "properties": { "equipo": "TB-fd060c", "estacion": "TB", "nombre_estacion": "Tobalaba", "linea": "Línea 1", "latitud": -33.4182154, "longitud": -70.6014872 }, "geometry": { "type": "Point", "coordinates": [ -70.6014872, -33.4182154 ] } },
{ "type": "Feature", "properties": { "equipo": "LE-07c8b5", "estacion": "LE", "nombre_estacion": "Los Leones", "linea": "Línea 1", "latitud": -33.4220883, "longitud": -70.6068443 }, "geometry": { "type": "Point", "coordinates": [ -70.6068443, -33.4220883 ] } },
{ "type": "Feature", "properties": { "equipo": "LE-42ce4a", "estacion": "LE", "nombre_estacion": "Los Leones", "linea": "Línea 1", "latitud": -33.4220883, "longitud": -70.6068443 }, "geometry": { "type": "Point", "coordinates": [ -70.6068443, -33.4220883 ] } },
{ "type": "Feature", "properties": { "equipo": "LE-80583b", "estacion": "LE", "nombre_estacion": "Los Leones", "linea": "Línea 1", "latitud": -33.4220883, "longitud": -70.6068443 }, "geometry": { "type": "Point", "coordinates": [ -70.6068443, -33.4220883 ] } },
{ "type": "Feature", "properties": { "equipo": "LE-f41831", "estacion": "LE", "nombre_estacion": "Los Leones", "linea": "Línea 1", "latitud": -33.4220883, "longitud": -70.6068443 }, "geometry": { "type": "Point", "coordinates": [ -70.6068443, -33.4220883 ] } },
{ "type": "Feature", "properties": { "equipo": "LE-f42b09", "estacion": "LE", "nombre_estacion": "Los Leones", "linea": "Línea 1", "latitud": -33.4220883, "longitud": -70.6068443 }, "geometry": { "type": "Point", "coordinates": [ -70.6068443, -33.4220883 ] } },
{ "type": "Feature", "properties": { "equipo": "LE-f798cc", "estacion": "LE", "nombre_estacion": "Los Leones", "linea": "Línea 1", "latitud": -33.4220883, "longitud": -70.6068443 }, "geometry": { "type": "Point", "coordinates": [ -70.6068443, -33.4220883 ] } },
{ "type": "Feature", "properties": { "equipo": "PV-560661", "estacion": "PV", "nombre_estacion": "Pedro de Valdivia", "linea": "Línea 1", "latitud": -33.425483, "longitud": -70.6137959 }, "geometry": { "type": "Point", "coordinates": [ -70.6137959, -33.425483 ] } },
{ "type": "Feature", "properties": { "equipo": "PV-b2b59b", "estacion": "PV", "nombre_estacion": "Pedro de Valdivia", "linea": "Línea 1", "latitud": -33.425483, "longitud": -70.6137959 }, "geometry": { "type": "Point", "coordinates": [ -70.6137959, -33.425483 ] } },
{ "type": "Feature", "properties": { "equipo": "PV-d27a5f", "estacion": "PV", "nombre_estacion": "Pedro de Valdivia", "linea": "Línea 1", "latitud": -33.425483, "longitud": -70.6137959 }, "geometry": { "type": "Point", "coordinates": [ -70.6137959, -33.425483 ] } },
{ "type": "Feature", "properties": { "equipo": "MM-b2b59b", "estacion": "MM", "nombre_estacion": "Manuel Montt", "linea": "Línea 1", "latitud": -33.4285532, "longitud": -70.6196465 }, "geometry": { "type": "Point", "coordinates": [ -70.6196465, -33.4285532 ] } },
{ "type": "Feature", "properties": { "equipo": "MM-d27a5f", "estacion": "MM", "nombre_estacion": "Manuel Montt", "linea": "Línea 1", "latitud": -33.4285532, "longitud": -70.6196465 }, "geometry": { "type": "Point", "coordinates": [ -70.6196465, -33.4285532 ] } },
{ "type": "Feature", "properties": { "equipo": "MM-db9809", "estacion": "MM", "nombre_estacion": "Manuel Montt", "linea": "Línea 1", "latitud": -33.4285532, "longitud": -70.6196465 }, "geometry": { "type": "Point", "coordinates": [ -70.6196465, -33.4285532 ] } },
{ "type": "Feature", "properties": { "equipo": "SA-30f860", "estacion": "SA", "nombre_estacion": "Salvador", "linea": "Línea 1", "latitud": -33.433125, "longitud": -70.626617 }, "geometry": { "type": "Point", "coordinates": [ -70.6191428, -33.4312407 ] } },
{ "type": "Feature", "properties": { "equipo": "SA-3458f3", "estacion": "SA", "nombre_estacion": "Salvador", "linea": "Línea 1", "latitud": -33.433125, "longitud": -70.626617 }, "geometry": { "type": "Point", "coordinates": [ -70.6191428, -33.4312407 ] } },
{ "type": "Feature", "properties": { "equipo": "SA-4d9a7e", "estacion": "SA", "nombre_estacion": "Salvador", "linea": "Línea 1", "latitud": -33.433125, "longitud": -70.626617 }, "geometry": { "type": "Point", "coordinates": [ -70.6191428, -33.4312407 ] } },
{ "type": "Feature", "properties": { "equipo": "SA-b2b59b", "estacion": "SA", "nombre_estacion": "Salvador", "linea": "Línea 1", "latitud": -33.433125, "longitud": -70.626617 }, "geometry": { "type": "Point", "coordinates": [ -70.6191428, -33.4312407 ] } },
{ "type": "Feature", "properties": { "equipo": "SA-d27a5f", "estacion": "SA", "nombre_estacion": "Salvador", "linea": "Línea 1", "latitud": -33.433125, "longitud": -70.626617 }, "geometry": { "type": "Point", "coordinates": [ -70.6191428, -33.4312407 ] } },
{ "type": "Feature", "properties": { "equipo": "BA-36f159", "estacion": "BA", "nombre_estacion": "Baquedano", "linea": "Línea 1", "latitud": -33.4332624, "longitud": -70.6277953 }, "geometry": { "type": "Point", "coordinates": [ -70.6277953, -33.4332624 ] } },
{ "type": "Feature", "properties": { "equipo": "BA-631d39", "estacion": "BA", "nombre_estacion": "Baquedano", "linea": "Línea 1", "latitud": -33.4332624, "longitud": -70.6277953 }, "geometry": { "type": "Point", "coordinates": [ -70.6277953, -33.4332624 ] } },
{ "type": "Feature", "properties": { "equipo": "BA-92aa45", "estacion": "BA", "nombre_estacion": "Baquedano", "linea": "Línea 1", "latitud": -33.4332624, "longitud": -70.6277953 }, "geometry": { "type": "Point", "coordinates": [ -70.6277953, -33.4332624 ] } },
{ "type": "Feature", "properties": { "equipo": "BA-c8cf87", "estacion": "BA", "nombre_estacion": "Baquedano", "linea": "Línea 1", "latitud": -33.4332624, "longitud": -70.6277953 }, "geometry": { "type": "Point", "coordinates": [ -70.6277953, -33.4332624 ] } },
{ "type": "Feature", "properties": { "equipo": "SL-648612", "estacion": "SL", "nombre_estacion": "Santa Lucía", "linea": "Línea 1", "latitud": -33.4424649, "longitud": -70.6447442 }, "geometry": { "type": "Point", "coordinates": [ -70.6447442, -33.4424649 ] } },
{ "type": "Feature", "properties": { "equipo": "SL-b2b59b", "estacion": "SL", "nombre_estacion": "Santa Lucía", "linea": "Línea 1", "latitud": -33.4424649, "longitud": -70.6447442 }, "geometry": { "type": "Point", "coordinates": [ -70.6447442, -33.4424649 ] } },
{ "type": "Feature", "properties": { "equipo": "SL-d27a5f", "estacion": "SL", "nombre_estacion": "Santa Lucía", "linea": "Línea 1", "latitud": -33.4424649, "longitud": -70.6447442 }, "geometry": { "type": "Point", "coordinates": [ -70.6447442, -33.4424649 ] } },
{ "type": "Feature", "properties": { "equipo": "UC-aacc9b", "estacion": "UC", "nombre_estacion": "Universidad Católica", "linea": "Línea 1", "latitud": -33.4397617, "longitud": -70.6398924 }, "geometry": { "type": "Point", "coordinates": [ -70.6398924, -33.4397617 ] } },
{ "type": "Feature", "properties": { "equipo": "UC-b2b59b", "estacion": "UC", "nombre_estacion": "Universidad Católica", "linea": "Línea 1", "latitud": -33.4397617, "longitud": -70.6398924 }, "geometry": { "type": "Point", "coordinates": [ -70.6398924, -33.4397617 ] } },
{ "type": "Feature", "properties": { "equipo": "UC-d27a5f", "estacion": "UC", "nombre_estacion": "Universidad Católica", "linea": "Línea 1", "latitud": -33.4397617, "longitud": -70.6398924 }, "geometry": { "type": "Point", "coordinates": [ -70.6398924, -33.4397617 ] } },
{ "type": "Feature", "properties": { "equipo": "CH-044938", "estacion": "CH", "nombre_estacion": "Universidad de Chile", "linea": "Línea 1", "latitud": -33.444101, "longitud": -70.651579 }, "geometry": { "type": "Point", "coordinates": [ -70.6494972, -33.4440996 ] } },
{ "type": "Feature", "properties": { "equipo": "CH-07a05b", "estacion": "CH", "nombre_estacion": "Universidad de Chile", "linea": "Línea 1", "latitud": -33.444101, "longitud": -70.651579 }, "geometry": { "type": "Point", "coordinates": [ -70.6494972, -33.4440996 ] } },
{ "type": "Feature", "properties": { "equipo": "CH-14a045", "estacion": "CH", "nombre_estacion": "Universidad de Chile", "linea": "Línea 1", "latitud": -33.444101, "longitud": -70.651579 }, "geometry": { "type": "Point", "coordinates": [ -70.6494972, -33.4440996 ] } },
{ "type": "Feature", "properties": { "equipo": "CH-3f9ffe", "estacion": "CH", "nombre_estacion": "Universidad de Chile", "linea": "Línea 1", "latitud": -33.444101, "longitud": -70.651579 }, "geometry": { "type": "Point", "coordinates": [ -70.6494972, -33.4440996 ] } },
{ "type": "Feature", "properties": { "equipo": "CH-4c3e0d", "estacion": "CH", "nombre_estacion": "Universidad de Chile", "linea": "Línea 1", "latitud": -33.444101, "longitud": -70.651579 }, "geometry": { "type": "Point", "coordinates": [ -70.6494972, -33.4440996 ] } },
{ "type": "Feature", "properties": { "equipo": "CH-60d634", "estacion": "CH", "nombre_estacion": "Universidad de Chile", "linea": "Línea 1", "latitud": -33.444101, "longitud": -70.651579 }, "geometry": { "type": "Point", "coordinates": [ -70.6494972, -33.4440996 ] } },
{ "type": "Feature", "properties": { "equipo": "CH-852d2b", "estacion": "CH", "nombre_estacion": "Universidad de Chile", "linea": "Línea 1", "latitud": -33.444101, "longitud": -70.651579 }, "geometry": { "type": "Point", "coordinates": [ -70.6494972, -33.4440996 ] } },
{ "type": "Feature", "properties": { "equipo": "CH-88c017", "estacion": "CH", "nombre_estacion": "Universidad de Chile", "linea": "Línea 1", "latitud": -33.444101, "longitud": -70.651579 }, "geometry": { "type": "Point", "coordinates": [ -70.6494972, -33.4440996 ] } },
{ "type": "Feature", "properties": { "equipo": "CH-d36369", "estacion": "CH", "nombre_estacion": "Universidad de Chile", "linea": "Línea 1", "latitud": -33.444101, "longitud": -70.651579 }, "geometry": { "type": "Point", "coordinates": [ -70.6494972, -33.4440996 ] } },
{ "type": "Feature", "properties": { "equipo": "CH-eba3d6", "estacion": "CH", "nombre_estacion": "Universidad de Chile", "linea": "Línea 1", "latitud": -33.444101, "longitud": -70.651579 }, "geometry": { "type": "Point", "coordinates": [ -70.6494972, -33.4440996 ] } },
{ "type": "Feature", "properties": { "equipo": "CH-f249a9", "estacion": "CH", "nombre_estacion": "Universidad de Chile", "linea": "Línea 1", "latitud": -33.444101, "longitud": -70.651579 }, "geometry": { "type": "Point", "coordinates": [ -70.6494972, -33.4440996 ] } },
{ "type": "Feature", "properties": { "equipo": "LM-1dbe2b", "estacion": "LM", "nombre_estacion": "La Moneda", "linea": "Línea 1", "latitud": -33.444838, "longitud": -70.654832 }, "geometry": { "type": "Point", "coordinates": [ -70.6565217, -33.4445488 ] } },
{ "type": "Feature", "properties": { "equipo": "LM-b2b59b", "estacion": "LM", "nombre_estacion": "La Moneda", "linea": "Línea 1", "latitud": -33.444838, "longitud": -70.654832 }, "geometry": { "type": "Point", "coordinates": [ -70.6565217, -33.4445488 ] } },
{ "type": "Feature", "properties": { "equipo": "LM-d27a5f", "estacion": "LM", "nombre_estacion": "La Moneda", "linea": "Línea 1", "latitud": -33.444838, "longitud": -70.654832 }, "geometry": { "type": "Point", "coordinates": [ -70.6565217, -33.4445488 ] } },
{ "type": "Feature", "properties": { "equipo": "LH-093ca8", "estacion": "LH", "nombre_estacion": "Los Héroes", "linea": "Línea 1", "latitud": -33.4458444, "longitud": -70.6605366 }, "geometry": { "type": "Point", "coordinates": [ -70.6605366, -33.4458444 ] } },
{ "type": "Feature", "properties": { "equipo": "LH-2936d8", "estacion": "LH", "nombre_estacion": "Los Héroes", "linea": "Línea 1", "latitud": -33.4458444, "longitud": -70.6605366 }, "geometry": { "type": "Point", "coordinates": [ -70.6605366, -33.4458444 ] } },
{ "type": "Feature", "properties": { "equipo": "LH-349493", "estacion": "LH", "nombre_estacion": "Los Héroes", "linea": "Línea 1", "latitud": -33.4458444, "longitud": -70.6605366 }, "geometry": { "type": "Point", "coordinates": [ -70.6605366, -33.4458444 ] } },
{ "type": "Feature", "properties": { "equipo": "LH-60d634", "estacion": "LH", "nombre_estacion": "Los Héroes", "linea": "Línea 1", "latitud": -33.4458444, "longitud": -70.6605366 }, "geometry": { "type": "Point", "coordinates": [ -70.6605366, -33.4458444 ] } },
{ "type": "Feature", "properties": { "equipo": "LH-eba3d6", "estacion": "LH", "nombre_estacion": "Los Héroes", "linea": "Línea 1", "latitud": -33.4458444, "longitud": -70.6605366 }, "geometry": { "type": "Point", "coordinates": [ -70.6605366, -33.4458444 ] } },
{ "type": "Feature", "properties": { "equipo": "LA-4feebd", "estacion": "LA", "nombre_estacion": "ULA", "linea": "Línea 1", "latitud": -33.4493623, "longitud": -70.673351 }, "geometry": { "type": "Point", "coordinates": [ -70.673351, -33.4493623 ] } },
{ "type": "Feature", "properties": { "equipo": "LA-b2b59b", "estacion": "LA", "nombre_estacion": "ULA", "linea": "Línea 1", "latitud": -33.4493623, "longitud": -70.673351 }, "geometry": { "type": "Point", "coordinates": [ -70.673351, -33.4493623 ] } },
{ "type": "Feature", "properties": { "equipo": "LA-d27a5f", "estacion": "LA", "nombre_estacion": "ULA", "linea": "Línea 1", "latitud": -33.4493623, "longitud": -70.673351 }, "geometry": { "type": "Point", "coordinates": [ -70.673351, -33.4493623 ] } },
{ "type": "Feature", "properties": { "equipo": "RP-130e03", "estacion": "RP", "nombre_estacion": "República", "linea": "Línea 1", "latitud": -33.447702, "longitud": -70.6671366 }, "geometry": { "type": "Point", "coordinates": [ -70.6671366, -33.447702 ] } },
{ "type": "Feature", "properties": { "equipo": "RP-b2b59b", "estacion": "RP", "nombre_estacion": "República", "linea": "Línea 1", "latitud": -33.447702, "longitud": -70.6671366 }, "geometry": { "type": "Point", "coordinates": [ -70.6671366, -33.447702 ] } },
{ "type": "Feature", "properties": { "equipo": "RP-d27a5f", "estacion": "RP", "nombre_estacion": "República", "linea": "Línea 1", "latitud": -33.447702, "longitud": -70.6671366 }, "geometry": { "type": "Point", "coordinates": [ -70.6671366, -33.447702 ] } },
{ "type": "Feature", "properties": { "equipo": "EL-b2b59b", "estacion": "EL", "nombre_estacion": "Estación Central", "linea": "Línea 1", "latitud": -33.4508228, "longitud": -70.6789622 }, "geometry": { "type": "Point", "coordinates": [ -70.6789622, -33.4508228 ] } },
{ "type": "Feature", "properties": { "equipo": "EL-d27a5f", "estacion": "EL", "nombre_estacion": "Estación Central", "linea": "Línea 1", "latitud": -33.4508228, "longitud": -70.6789622 }, "geometry": { "type": "Point", "coordinates": [ -70.6789622, -33.4508228 ] } },
{ "type": "Feature", "properties": { "equipo": "EL-f47b4a", "estacion": "EL", "nombre_estacion": "Estación Central", "linea": "Línea 1", "latitud": -33.4508228, "longitud": -70.6789622 }, "geometry": { "type": "Point", "coordinates": [ -70.6789622, -33.4508228 ] } },
{ "type": "Feature", "properties": { "equipo": "EL-f715a0", "estacion": "EL", "nombre_estacion": "Estación Central", "linea": "Línea 1", "latitud": -33.4508228, "longitud": -70.6789622 }, "geometry": { "type": "Point", "coordinates": [ -70.6789622, -33.4508228 ] } },
{ "type": "Feature", "properties": { "equipo": "EL-fc76dc", "estacion": "EL", "nombre_estacion": "Estación Central", "linea": "Línea 1", "latitud": -33.4508228, "longitud": -70.6789622 }, "geometry": { "type": "Point", "coordinates": [ -70.6789622, -33.4508228 ] } },
{ "type": "Feature", "properties": { "equipo": "US-b2b59b", "estacion": "US", "nombre_estacion": "Universidad de Santiago", "linea": "Línea 1", "latitud": -33.4528554, "longitud": -70.6865552 }, "geometry": { "type": "Point", "coordinates": [ -70.6865552, -33.4528554 ] } },
{ "type": "Feature", "properties": { "equipo": "US-d27a5f", "estacion": "US", "nombre_estacion": "Universidad de Santiago", "linea": "Línea 1", "latitud": -33.4528554, "longitud": -70.6865552 }, "geometry": { "type": "Point", "coordinates": [ -70.6865552, -33.4528554 ] } },
{ "type": "Feature", "properties": { "equipo": "US-fc9689", "estacion": "US", "nombre_estacion": "Universidad de Santiago", "linea": "Línea 1", "latitud": -33.4528554, "longitud": -70.6865552 }, "geometry": { "type": "Point", "coordinates": [ -70.6865552, -33.4528554 ] } },
{ "type": "Feature", "properties": { "equipo": "AH-856852", "estacion": "AH", "nombre_estacion": "San Alberto Hurtado", "linea": "Línea 1", "latitud": -33.4542019, "longitud": -70.6922721 }, "geometry": { "type": "Point", "coordinates": [ -70.6922721, -33.4542019 ] } },
{ "type": "Feature", "properties": { "equipo": "AH-b2b59b", "estacion": "AH", "nombre_estacion": "San Alberto Hurtado", "linea": "Línea 1", "latitud": -33.4542019, "longitud": -70.6922721 }, "geometry": { "type": "Point", "coordinates": [ -70.6922721, -33.4542019 ] } },
{ "type": "Feature", "properties": { "equipo": "AH-d27a5f", "estacion": "AH", "nombre_estacion": "San Alberto Hurtado", "linea": "Línea 1", "latitud": -33.4542019, "longitud": -70.6922721 }, "geometry": { "type": "Point", "coordinates": [ -70.6922721, -33.4542019 ] } },
{ "type": "Feature", "properties": { "equipo": "EC-562df9", "estacion": "EC", "nombre_estacion": "Ecuador", "linea": "Línea 1", "latitud": -33.4559226, "longitud": -70.6997325 }, "geometry": { "type": "Point", "coordinates": [ -70.6997325, -33.4559226 ] } },
{ "type": "Feature", "properties": { "equipo": "EC-b2b59b", "estacion": "EC", "nombre_estacion": "Ecuador", "linea": "Línea 1", "latitud": -33.4559226, "longitud": -70.6997325 }, "geometry": { "type": "Point", "coordinates": [ -70.6997325, -33.4559226 ] } },
{ "type": "Feature", "properties": { "equipo": "EC-d27a5f", "estacion": "EC", "nombre_estacion": "Ecuador", "linea": "Línea 1", "latitud": -33.4559226, "longitud": -70.6997325 }, "geometry": { "type": "Point", "coordinates": [ -70.6997325, -33.4559226 ] } },
{ "type": "Feature", "properties": { "equipo": "LR-0501e9", "estacion": "LR", "nombre_estacion": "Las Rejas", "linea": "Línea 1", "latitud": -33.4575386, "longitud": -70.7067561 }, "geometry": { "type": "Point", "coordinates": [ -70.7067561, -33.4575386 ] } },
{ "type": "Feature", "properties": { "equipo": "LR-818d94", "estacion": "LR", "nombre_estacion": "Las Rejas", "linea": "Línea 1", "latitud": -33.4575386, "longitud": -70.7067561 }, "geometry": { "type": "Point", "coordinates": [ -70.7067561, -33.4575386 ] } },
{ "type": "Feature", "properties": { "equipo": "LR-b2b59b", "estacion": "LR", "nombre_estacion": "Las Rejas", "linea": "Línea 1", "latitud": -33.4575386, "longitud": -70.7067561 }, "geometry": { "type": "Point", "coordinates": [ -70.7067561, -33.4575386 ] } },
{ "type": "Feature", "properties": { "equipo": "LR-d27a5f", "estacion": "LR", "nombre_estacion": "Las Rejas", "linea": "Línea 1", "latitud": -33.4575386, "longitud": -70.7067561 }, "geometry": { "type": "Point", "coordinates": [ -70.7067561, -33.4575386 ] } },
{ "type": "Feature", "properties": { "equipo": "NP-b2b59b", "estacion": "NP", "nombre_estacion": "Neptuno", "linea": "Línea 1", "latitud": -33.4515804, "longitud": -70.7226828 }, "geometry": { "type": "Point", "coordinates": [ -70.7226828, -33.4515804 ] } },
{ "type": "Feature", "properties": { "equipo": "NP-d27a5f", "estacion": "NP", "nombre_estacion": "Neptuno", "linea": "Línea 1", "latitud": -33.4515804, "longitud": -70.7226828 }, "geometry": { "type": "Point", "coordinates": [ -70.7226828, -33.4515804 ] } },
{ "type": "Feature", "properties": { "equipo": "PJ-b2b59b", "estacion": "PJ", "nombre_estacion": "Pajaritos", "linea": "Línea 1", "latitud": -33.4574748, "longitud": -70.7154469 }, "geometry": { "type": "Point", "coordinates": [ -70.7154469, -33.4574748 ] } },
{ "type": "Feature", "properties": { "equipo": "PJ-d27a5f", "estacion": "PJ", "nombre_estacion": "Pajaritos", "linea": "Línea 1", "latitud": -33.4574748, "longitud": -70.7154469 }, "geometry": { "type": "Point", "coordinates": [ -70.7154469, -33.4574748 ] } },
{ "type": "Feature", "properties": { "equipo": "SP-60d634", "estacion": "SP", "nombre_estacion": "San Pablo", "linea": "Línea 1", "latitud": -33.4442061, "longitud": -70.7231838 }, "geometry": { "type": "Point", "coordinates": [ -70.7231838, -33.4442061 ] } },
{ "type": "Feature", "properties": { "equipo": "SP-eba3d6", "estacion": "SP", "nombre_estacion": "San Pablo", "linea": "Línea 1", "latitud": -33.4442061, "longitud": -70.7231838 }, "geometry": { "type": "Point", "coordinates": [ -70.7231838, -33.4442061 ] } },
{ "type": "Feature", "properties": { "equipo": "SJU-560044", "estacion": "SJU", "nombre_estacion": "Santa Julia", "linea": "Línea 4a", "latitud": -33.5311022, "longitud": -70.6055361 }, "geometry": { "type": "Point", "coordinates": [ -70.6055361, -33.5311022 ] } },
{ "type": "Feature", "properties": { "equipo": "SJU-0eecb3", "estacion": "SJU", "nombre_estacion": "Santa Julia", "linea": "Línea 4a", "latitud": -33.5311022, "longitud": -70.6055361 }, "geometry": { "type": "Point", "coordinates": [ -70.6055361, -33.5311022 ] } }
]
}
